SHIPMT_ID,ORIG_STATE,ORIG_MA,ORIG_CFS_AREA,DEST_STATE,DEST_MA,DEST_CFS_AREA,NAICS,QUARTER,SCTG,MODE,SHIPMT_VALUE,SHIPMT_WGHT,SHIPMT_DIST_GC,SHIPMT_DIST_ROUTED,TEMP_CNTL_YN,EXPORT_YN,EXPORT_CNTRY,HAZMAT,WGT_FACTOR
0000001,25,148,25-148,25,148,25-148,333,2,35,14,2178,11,14,17,N,N,N,N,208.5
0000002,42,428,42-428,06,41740,06-41740,311,3,35,14,344,11,2344,2734,N,N,N,N,193.3
0000003,26,220,26-220,47,314,47-314,322,2,27,04,4197,5134,470,579,N,N,N,N,51.2
0000004,20,556,20-556,20,556,20-556,323,1,29,04,116,6,3,3,N,N,N,N,238.7
0000005,12,99999,12-99999,12,99999,12-99999,4235,3,33,05,388,527,124,201,N,N,N,N,398.1
0000006,24,47900,24-47900,30,99999,30-99999,337,2,40,04,3716,1132,1942,2265,N,Y,C,N,21.9
0000007,19,99999,19-99999,19,99999,19-99999,337,3,26,05,43738,13501,16,22,N,N,N,N,310.5
0000008,06,41740,06-41740,06,99999,06-99999,4239,1,40,14,77,4,272,306,N,N,N,N,138.5
0000009,19,99999,19-99999,19,99999,19-99999,327,3,31,05,338,12826,10,15,N,N,N,N,2695.9
0000010,13,99999,13-99999,13,99999,13-99999,4237,2,34,05,145,22,21,28,N,N,N,N,489.1
0000011,55,99999,55-99999,36,464,36-464,333,2,35,14,482,1,536,834,N,N,N,N,194.9
0000012,39,184,39-184,42,99999,42-99999,325,2,20,04,7543,3960,105,143,N,N,N,N,77.2
0000013,33,148,33-148,34,408,34-408,4234,1,21,14,1159,3,218,241,N,N,N,N,570.2
0000014,31,99999,31-99999,31,99999,31-99999,325,1,04,04,1422,49037,14,14,N,N,N,N,535.2
0000015,26,99999,26-99999,27,99999,27-99999,332,3,33,14,52,11,463,582,N,N,N,N,3114.7
0000016,39,99999,39-99999,39,198,39-198,339,4,36,14,283,30,57,66,N,N,N,N,41.1
0000017,54,99999,54-99999,51,99999,51-99999,321,2,25,06,21303,65994,138,242,N,N,N,N,36.4
0000018,32,332,32-332,06,99999,06-99999,4232,4,30,14,461,110,328,520,N,N,N,N,1052.8
0000019,42,428,42-428,48,288,48-288,334,2,35,14,577,6,1311,1522,N,N,N,N,278.1
0000020,09,408,09-408,47,400,47-400,332,2,34,04,125,3,802,945,N,N,N,N,7869.9
0000021,54,99999,54-99999,39,184,39-184,325,2,24,04,2534,3223,217,262,N,N,N,N,70.0
0000022,17,99999,17-99999,19,99999,19-99999,4235,1,32,04,18698,50415,71,77,N,N,N,N,393.1
0000023,37,450,37-450,51,99999,51-99999,337,1,39,05,963,513,147,177,N,N,N,N,23.0
0000024,37,172,37-172,37,268,37-268,315,4,30,14,63,3,92,106,N,N,N,N,320.7
0000025,48,99999,48-99999,48,99999,48-99999,311,1,05,04,26498,33269,156,219,Y,N,N,N,114.3
0000026,18,176,18-176,55,99999,55-99999,332,1,32,05,22289,43304,222,263,N,N,N,N,30.1
0000027,06,348,06-348,13,122,13-122,327,2,31,14,13,7,1917,2205,N,N,N,N,162.2
0000028,13,99999,13-99999,20,99999,20-99999,323,1,29,04,301545,32405,755,969,N,N,N,N,4.9
0000029,06,348,06-348,20,312,20-312,4232,1,40,04,3035,378,1349,1621,N,N,N,N,135.9
0000030,06,99999,06-99999,06,99999,06-99999,4241,4,28,05,472,407,2,2,N,N,N,N,88.4
0000031,29,476,29-476,17,99999,17-99999,322,1,28,04,1766,3356,174,219,N,N,N,N,39.8
0000032,49,482,49-482,49,482,49-482,332,3,33,05,2824,1067,11,11,N,N,N,N,87.6
0000033,13,122,13-122,13,122,13-122,4244,2,03,05,539,1026,60,73,Y,N,N,N,747.4
0000034,42,99999,42-99999,44,148,44-148,326,4,24,04,15422,9947,320,376,N,N,N,N,96.1
0000035,18,176,18-176,18,176,18-176,45431,1,19,05,248,473,8,8,N,N,N,H,183.1
0000036,36,104,36-104,36,104,36-104,4238,2,24,05,308,16,17,21,N,N,N,N,309.0
0000037,29,99999,29-99999,29,99999,29-99999,212,3,12,05,456,57038,105,143,N,N,N,N,42.3
0000038,27,378,27-378,27,378,27-378,325,2,20,05,95,1008,6,8,N,N,N,H,255.5
0000039,26,220,26-220,01,99999,01-99999,331,3,32,04,7491,275,649,778,N,N,N,N,104.7
0000040,18,176,18-176,18,176,18-176,45431,1,19,05,635,1159,27,30,N,N,N,H,146.2
0000041,17,176,17-176,51,545,51-545,325,1,23,14,153,41,700,882,N,N,N,N,279.1
0000042,55,99999,55-99999,55,376,55-376,4247,1,17,05,2055,4198,21,23,N,N,N,P,648.7
0000043,12,370,12-370,12,370,12-370,4238,3,24,05,1594,796,6,7,N,N,N,N,500.1
0000044,48,41700,48-41700,48,41700,48-41700,4232,2,43,05,112,116,3,3,N,N,N,N,149.3
0000045,53,440,53-440,39,198,39-198,334,3,38,14,113,5,1997,2443,N,N,N,N,351.4
0000046,36,408,36-408,26,99999,26-99999,4238,1,24,04,3554,486,568,708,N,N,N,N,198.8
0000047,47,400,47-400,37,268,37-268,337,2,39,04,108,2,415,500,N,N,N,N,58.4
0000048,47,368,47-368,34,408,34-408,335,3,39,04,3244,42,918,1069,N,N,N,N,402.6
0000049,18,99999,18-99999,26,220,26-220,332,2,33,04,28300,23524,425,536,N,N,N,N,37.8
0000050,55,99999,55-99999,55,376,55-376,311,2,06,04,22072,23472,118,160,Y,N,N,N,374.4
0000051,17,176,17-176,09,408,09-408,323,2,29,04,2021,938,765,864,N,N,N,N,40.0
0000052,34,428,34-428,20,312,20-312,5111,2,29,14,41,1,1045,1163,N,N,N,N,116.1
0000053,31,420,31-420,31,420,31-420,4241,3,27,05,438,537,7,9,N,N,N,N,287.2
0000054,05,99999,05-99999,42,99999,42-99999,4237,4,33,14,5,5,903,1081,N,N,N,N,160.1
0000055,19,99999,19-99999,36,99999,36-99999,336,3,34,04,819,102,730,887,N,N,N,N,79.5
0000056,48,206,48-206,48,206,48-206,212,2,31,05,583,27366,17,26,N,N,N,N,122.0
0000057,17,99999,17-99999,17,99999,17-99999,4239,4,41,05,3879,51141,59,74,N,N,N,N,316.1
0000058,27,378,27-378,17,99999,17-99999,4239,3,40,14,450,1,270,325,N,N,N,N,73.3
0000059,37,268,37-268,54,99999,54-99999,4244,3,43,05,2232,1109,110,146,N,N,N,N,9337.4
0000060,42,99999,42-99999,42,99999,42-99999,321,1,26,04,4214,12293,10,15,N,N,N,N,302.0
0000061,25,148,25-148,25,148,25-148,212,3,12,05,122,43101,5,9,N,N,N,N,72.2
0000062,32,99999,32-99999,32,99999,32-99999,334,2,35,05,6725,540,10,10,N,N,N,N,277.4
0000063,38,99999,38-99999,38,99999,38-99999,332,1,32,05,18367,24922,3,4,N,N,N,N,27.5
0000064,06,348,06-348,06,348,06-348,4244,4,43,05,726,1742,107,119,Y,N,N,N,6649.2
0000065,06,99999,06-99999,19,99999,19-99999,5111,3,29,14,108,3,1546,2031,N,N,N,N,343.7
0000066,56,99999,56-99999,39,178,39-178,333,2,35,04,2241,194,1063,1196,N,N,N,N,388.9
0000067,01,99999,01-99999,01,99999,01-99999,334,1,35,14,353,4,5,5,N,N,N,N,268.6
0000068,05,99999,05-99999,40,416,40-416,4931,3,43,05,75680,33308,186,214,N,N,N,N,438.1
0000069,51,545,51-545,51,545,51-545,4237,4,43,05,842,165,6,6,N,N,N,N,2264.4
0000070,29,312,29-312,29,312,29-312,326,1,24,04,11108,8869,4,6,N,N,N,N,123.4
0000071,06,348,06-348,06,348,06-348,337,2,39,05,481,47,47,54,N,N,N,N,1305.4
0000072,55,376,55-376,17,176,17-176,312,1,08,04,20705,45313,74,89,N,N,N,N,1267.0
0000073,23,99999,23-99999,23,99999,23-99999,327,3,34,04,362,45,9,9,N,N,N,N,226.1
0000074,39,99999,39-99999,39,184,39-184,327,1,31,04,33689,51470,55,71,N,N,N,N,52.9
0000075,36,408,36-408,34,408,34-408,4236,4,35,14,1100,5,17,24,N,N,N,N,274.9
0000076,45,99999,45-99999,45,99999,45-99999,4248,3,08,05,28357,9221,123,139,N,N,N,N,264.1
0000077,51,40060,51-40060,42,99999,42-99999,332,2,34,04,1182,362,373,502,N,N,N,N,24.9
0000078,39,184,39-184,34,408,34-408,332,4,40,11,796,4,391,1619,N,Y,O,N,3099.9
0000079,01,142,01-142,28,99999,28-99999,4233,4,32,05,978,143,133,148,N,N,N,N,665.3
0000080,13,122,13-122,13,122,13-122,4233,2,31,05,3021,14688,4,5,N,N,N,N,804.8
0000081,01,99999,01-99999,45,273,45-273,323,4,29,14,2189,13,259,369,N,N,N,N,33.6
0000082,08,216,08-216,08,216,08-216,4241,3,27,05,705,650,8,12,N,N,N,N,1120.3
0000083,56,99999,56-99999,56,99999,56-99999,4244,4,07,05,2864,9525,26,26,N,N,N,N,104.3
0000084,51,99999,51-99999,49,482,49-482,311,4,07,04,175781,47767,1759,2083,Y,N,N,N,57.3
0000085,06,348,06-348,06,348,06-348,315,4,30,04,3503,261,24,35,N,N,N,N,864.7
0000086,35,99999,35-99999,48,238,48-238,4249,3,43,05,4588,1371,234,281,Y,N,N,N,516.5
0000087,42,408,42-408,13,122,13-122,326,1,24,04,7698,4233,695,844,N,N,N,N,95.1
0000088,09,25540,09-25540,48,238,48-238,339,2,33,11,87,7,1965,2019,N,N,N,N,175.6
0000089,01,99999,01-99999,12,99999,12-99999,323,1,29,04,1004,577,134,161,N,N,N,N,24.9
0000090,06,348,06-348,47,400,47-400,314,2,30,14,89,12,1775,2011,N,N,N,N,401.8
0000091,42,408,42-408,42,408,42-408,324,3,19,04,1,1,3,3,N,N,N,N,41.6
0000092,35,99999,35-99999,48,206,48-206,4541,1,23,14,59,16,557,731,N,N,N,N,1476.4
0000093,19,99999,19-99999,55,99999,55-99999,326,1,24,11,210,104,329,467,N,N,N,N,90.1
0000094,51,545,51-545,51,40060,51-40060,4234,4,41,05,2420,48016,20,24,N,N,N,N,114.9
0000095,27,378,27-378,27,378,27-378,321,2,26,04,108,9,8,12,N,N,N,N,138.7
0000096,04,38060,04-38060,04,38060,04-38060,4245,1,02,04,7238,60311,8,12,N,N,N,N,297.3
0000097,36,99999,36-99999,36,99999,36-99999,323,2,29,05,409,94,11,11,N,N,N,N,893.9
0000098,27,99999,27-99999,17,176,17-176,337,2,26,14,41,4,417,525,N,N,N,N,355.2
0000099,21,350,21-350,39,212,39-212,4237,1,33,04,1182,213,149,173,N,N,N,N,575.2
0000100,39,184,39-184,53,500,53-500,332,1,40,04,18,1,2029,2424,N,N,N,N,1548.4
0000101,33,99999,33-99999,37,450,37-450,335,2,35,14,2190,75,673,740,N,N,N,N,77.1
0000102,42,430,42-430,42,430,42-430,323,3,29,14,7,38,30,49,N,N,N,N,40.6
0000103,39,184,39-184,48,206,48-206,311,1,06,04,4674,13195,951,1150,N,N,N,N,679.9
0000104,42,408,42-408,42,408,42-408,212,4,12,04,229,45948,11,13,N,N,N,N,662.4
0000105,20,312,20-312,20,312,20-312,311,1,06,05,9678,28594,5,5,Y,N,N,N,18.0
0000106,29,312,29-312,20,312,20-312,4238,3,23,04,12,10,28,34,N,N,N,N,3558.6
0000107,42,99999,42-99999,42,99999,42-99999,45431,1,19,05,159,227,6,12,N,N,N,H,3524.3
0000108,31,99999,31-99999,45,99999,45-99999,334,2,40,04,1302,469,1015,1267,N,N,N,N,202.9
0000109,42,99999,42-99999,17,176,17-176,323,4,29,14,1,1,626,730,N,N,N,N,587.3
0000110,21,350,21-350,21,99999,21-99999,4238,1,34,14,50,8,102,116,N,N,N,N,476.0
0000111,26,266,26-266,34,428,34-428,336,3,36,04,599,232,591,733,N,N,N,N,1739.8
0000112,29,99999,29-99999,04,38060,04-38060,4541,4,30,14,214,4,1196,1512,N,N,N,N,34515.4
0000113,55,376,55-376,55,376,55-376,4234,1,38,05,7218,637,12,14,N,N,N,N,34.8
0000114,48,41700,48-41700,48,41700,48-41700,4244,2,05,05,94,28,6,8,Y,N,N,N,1667.7
0000115,36,408,36-408,34,408,34-408,322,4,24,04,764,373,18,23,N,N,N,N,279.8
0000116,19,99999,19-99999,19,99999,19-99999,4247,1,18,04,25077,60527,62,82,N,N,N,P,124.8
0000117,18,294,18-294,18,294,18-294,336,4,36,04,9235,5348,11,14,N,N,N,N,807.5
0000118,51,40060,51-40060,51,47900,51-47900,4931,1,43,05,92612,41384,83,99,N,N,N,N,348.1
0000119,37,172,37-172,25,148,25-148,4236,1,35,14,96,1,728,874,N,N,N,N,296.4
0000120,09,408,09-408,25,148,25-148,311,3,43,05,29,14,102,115,N,N,N,N,480.5
0000121,21,350,21-350,39,178,39-178,4236,4,40,14,511,2,122,138,N,N,N,N,300.9
0000122,29,312,29-312,20,312,20-312,337,2,26,05,6378,825,7,9,N,N,N,N,14.2
0000123,27,99999,27-99999,27,99999,27-99999,4238,1,34,05,66864,9128,27,29,N,N,N,N,23.5
0000124,49,482,49-482,49,482,49-482,312,1,08,05,1730,3448,3,4,N,N,N,N,79.3
0000125,32,99999,32-99999,32,99999,32-99999,323,2,29,05,218,4,9,9,N,N,N,N,185.7
0000126,21,178,21-178,39,212,39-212,4241,2,28,14,27,10,82,100,N,N,N,N,302.6
0000127,17,176,17-176,47,99999,47-99999,4238,2,38,14,346,1,446,513,N,N,N,N,3860.7
0000128,20,99999,20-99999,20,99999,20-99999,4247,2,18,05,5922,14062,16,16,N,N,N,P,1101.0
0000129,48,206,48-206,48,206,48-206,4244,2,03,05,731,728,18,22,Y,N,N,N,2911.3
0000130,31,99999,31-99999,04,536,04-536,339,2,38,04,28230,16265,1026,1409,N,N,N,N,72.5
0000131,12,300,12-300,37,172,37-172,337,1,39,14,35,5,381,428,N,N,N,N,93.4
0000132,23,99999,23-99999,23,99999,23-99999,4238,3,36,04,1112,13,60,69,N,N,N,N,175.5
0000133,06,488,06-488,12,99999,12-99999,4239,3,40,14,109,4,2050,2470,N,N,N,N,3701.7
0000134,06,348,06-348,06,348,06-348,323,1,30,05,542,27,40,47,N,N,N,N,456.3
0000135,39,184,39-184,06,488,06-488,4232,1,40,14,173,33,2170,2456,N,N,N,N,4189.9
0000136,28,99999,28-99999,28,99999,28-99999,212,3,12,05,715,52435,31,37,N,N,N,N,8.0
0000137,09,25540,09-25540,29,476,29-476,335,3,33,14,678,12,965,1095,N,N,N,N,280.4
0000138,39,00000,39-00000,06,348,06-348,4241,4,25-30,02,385,12,2041,2057,N,N,N,N,2118.8
0000139,47,99999,47-99999,24,99999,24-99999,331,4,32,04,34684,36510,396,548,N,N,N,N,37.8
0000140,33,99999,33-99999,33,99999,33-99999,4246,2,40,05,12,2,7,15,N,N,N,N,1964.1
0000141,06,348,06-348,36,104,36-104,4243,3,30,04,167985,31988,2414,2784,N,N,N,N,48.6
0000142,41,440,41-440,41,440,41-440,4243,2,30,04,397,216,8,14,N,N,N,N,230.7
0000143,06,472,06-472,06,472,06-472,323,1,43,05,74,7,43,57,N,N,N,N,3033.6
0000144,26,266,26-266,26,220,26-220,4249,2,43,05,118,75,127,143,Y,N,N,N,5948.5
0000145,48,238,48-238,48,238,48-238,4238,3,34,05,1650,73,15,18,N,N,N,N,558.1
0000146,48,99999,48-99999,48,99999,48-99999,4238,4,40,04,360,36,27,37,N,N,N,N,5080.7
0000147,44,148,44-148,36,99999,36-99999,334,3,35,14,388,1,247,333,N,N,N,N,441.6
0000148,02,99999,02-99999,02,99999,02-99999,4247,3,18,05,9842,28881,5,5,N,N,N,P,324.9
0000149,06,348,06-348,06,348,06-348,4238,1,37,05,60,2,14,16,N,N,N,N,1117.9
0000150,39,184,39-184,39,184,39-184,339,1,38,14,1540,2,9,9,N,N,N,N,241.4
0000151,55,99999,55-99999,26,220,26-220,336,1,36,04,2495,456,277,467,N,N,N,N,115.3
0000152,16,99999,16-99999,06,41740,06-41740,311,3,07,14,220,49,742,1077,N,N,N,N,257.3
0000153,45,99999,45-99999,01,99999,01-99999,325,2,24,04,44182,40909,328,433,N,N,N,N,87.0
0000154,53,440,53-440,32,99999,32-99999,4231,1,36,14,191,29,450,594,N,N,N,N,282.7
0000155,40,416,40-416,40,416,40-416,4246,4,23,04,25,9,3,4,N,N,N,N,713.3
0000156,53,99999,53-99999,53,99999,53-99999,4244,1,03,04,5349,9264,3,5,Y,N,N,N,65.4
0000157,34,408,34-408,06,348,06-348,4239,4,40,14,23,1,2411,2750,N,N,N,N,4332.9
0000158,36,99999,36-99999,36,99999,36-99999,4235,1,32,05,86,9,23,26,N,N,N,N,1176.1
0000159,34,408,34-408,09,408,09-408,4244,3,07,05,820,330,63,75,Y,N,N,N,3342.3
0000160,21,99999,21-99999,06,488,06-488,4541,1,40,14,15,1,1871,2277,N,N,N,N,3469.4
0000161,39,184,39-184,42,430,42-430,4245,4,34,14,18,5,95,109,N,N,N,N,193.8
0000162,36,99999,36-99999,12,99999,12-99999,334,1,37,11,54018,23,1005,1213,N,N,N,N,66.5
0000163,34,408,34-408,36,160,36-160,326,1,36,04,835,29,290,401,N,Y,C,N,314.6
0000164,42,428,42-428,47,314,47-314,335,2,35,04,12554,3801,559,635,N,N,N,H,163.3
0000165,13,122,13-122,47,99999,47-99999,4236,1,35,14,95,9,168,237,N,N,N,N,917.7
0000166,51,47900,51-47900,51,545,51-545,4242,2,21,14,264,22,128,153,N,N,N,N,287.7
0000167,37,172,37-172,05,99999,05-99999,327,2,31,14,209,23,762,947,N,N,N,N,129.6
0000168,39,178,39-178,39,198,39-198,4233,3,26,05,177,110,122,134,N,N,N,N,235.6
0000169,19,99999,19-99999,19,99999,19-99999,333,1,36,14,176,11,143,205,N,N,N,N,274.5
0000170,51,99999,51-99999,48,99999,48-99999,326,4,24,04,22112,28239,1042,1290,N,N,N,N,106.6
0000171,39,99999,39-99999,22,99999,22-99999,325,3,24,04,28385,42482,735,898,Y,N,N,N,80.2
0000172,21,350,21-350,06,488,06-488,339,4,38,14,198,1,1955,2345,N,N,N,N,4629.3
0000173,19,99999,19-99999,19,99999,19-99999,4233,2,26,05,392,499,14,21,N,N,N,N,932.5
0000174,04,99999,04-99999,23,99999,23-99999,5111,4,29,14,3,1,2247,2662,N,N,N,N,255.8
0000175,17,176,17-176,25,148,25-148,4239,3,40,04,61,16,849,999,N,N,N,N,16935.4
0000176,39,99999,39-99999,39,99999,39-99999,4238,3,34,05,1,1,13,13,N,N,N,N,2592.8
0000177,04,38060,04-38060,04,536,04-536,323,1,38,04,992,193,99,132,N,N,N,N,867.5
0000178,42,99999,42-99999,34,408,34-408,336,4,36,14,2287,2,241,278,N,N,N,N,1517.0
0000179,18,176,18-176,42,428,42-428,313,3,30,04,19807,17752,624,714,N,N,N,N,46.2
0000180,06,260,06-260,24,99999,24-99999,4249,2,29,14,104,6,2420,2909,N,N,N,N,1107.8
0000181,42,428,42-428,42,428,42-428,327,3,31,05,2093,13175,28,40,N,N,N,N,21.3
0000182,19,99999,19-99999,19,99999,19-99999,315,4,30,14,10933,118,231,278,N,N,N,N,14.2
0000183,39,99999,39-99999,18,99999,18-99999,4231,3,36,14,59,21,195,252,N,N,N,N,917.8
0000184,48,288,48-288,48,41700,48-41700,4541,2,21,14,1,1,178,187,N,N,N,N,1555.8
0000185,09,25540,09-25540,31,420,31-420,4238,4,40,14,397,11,1208,1358,N,N,N,N,456.9
0000186,46,99999,46-99999,46,99999,46-99999,321,3,26,05,1343,6880,11,11,N,N,N,N,113.2
0000187,13,122,13-122,45,16700,45-16700,325,3,24,04,46764,46764,195,222,N,N,N,N,40.6
0000188,51,545,51-545,36,408,36-408,4237,4,33,04,6885,2089,374,538,N,N,N,N,561.8
0000189,53,99999,53-99999,16,99999,16-99999,4235,3,33,05,64,54,110,158,N,N,N,N,812.4
0000190,33,148,33-148,09,25540,09-25540,325,3,29,14,308,5,109,141,N,N,N,N,34.8
0000191,41,440,41-440,06,348,06-348,334,2,35,04,168,13,884,1082,N,N,N,N,855.2
0000192,39,212,39-212,39,198,39-198,4249,3,24,05,1965,655,60,73,N,N,N,N,93.3
0000193,45,273,45-273,45,273,45-273,4244,3,07,05,202,260,11,17,N,N,N,N,8914.4
0000194,06,41740,06-41740,54,99999,54-99999,325,3,21,14,186,1,2109,2482,N,N,N,N,2429.0
0000195,22,12940,22-12940,22,12940,22-12940,325,2,20,12,145272,1117478,6,6,N,N,N,H,81.1
0000196,48,288,48-288,48,204,48-204,325,4,23,05,6316,2377,155,198,N,N,N,P,524.2
0000197,41,99999,41-99999,53,500,53-500,4238,2,34,14,44,1,337,413,N,N,N,N,2892.4
0000198,48,206,48-206,06,488,06-488,4236,1,35,14,106,2,1474,1822,N,N,N,N,2801.7
0000199,33,148,33-148,48,206,48-206,339,3,30,14,168,21,1605,1868,N,N,N,N,37.1
0000200,17,176,17-176,39,184,39-184,4247,4,19,04,49191,48605,309,336,N,N,N,N,72.7
0000201,09,25540,09-25540,45,99999,45-99999,332,3,33,11,2661,36,684,760,N,N,N,N,361.3
0000202,37,268,37-268,42,99999,42-99999,332,1,33,04,4341,6591,425,549,N,N,N,N,63.0
0000203,51,40060,51-40060,39,99999,39-99999,321,1,26,05,12836,39615,279,385,N,N,N,N,46.6
0000204,42,430,42-430,54,99999,54-99999,331,3,32,04,13650,36842,37,50,N,N,N,N,2783.0
0000205,38,99999,38-99999,27,378,27-378,333,2,34,14,88,3,277,321,N,N,N,N,202.5
0000206,20,556,20-556,54,99999,54-99999,325,4,30,04,9340,330,925,1057,Y,N,N,N,18.6
0000207,31,99999,31-99999,01,99999,01-99999,4541,1,36,14,45,2,929,1159,N,N,N,N,4479.5
0000208,51,545,51-545,13,99999,13-99999,315,1,40,14,9,4,526,626,N,N,N,N,161.7
0000209,17,476,17-476,17,476,17-476,4248,3,08,05,466,450,30,40,N,N,N,N,939.0
0000210,17,176,17-176,09,25540,09-25540,4238,1,35,14,96,9,789,912,N,N,N,N,6743.9
0000211,15,99999,15-99999,15,99999,15-99999,4248,2,08,05,1210,851,41,41,N,N,N,N,319.7
0000212,48,206,48-206,48,238,48-238,326,4,40,04,7313,7039,580,672,N,N,N,N,535.2
0000213,55,99999,55-99999,55,376,55-376,311,2,06,04,21095,31353,118,160,Y,N,N,N,368.6
0000214,20,312,20-312,29,476,29-476,323,4,29,14,41,2,240,251,N,N,N,N,590.3
0000215,30,99999,30-99999,09,25540,09-25540,4541,2,40,14,60,3,2051,2489,N,N,N,N,529.1
0000216,42,428,42-428,37,268,37-268,336,4,23,04,4575,1759,375,486,N,N,N,N,210.6
0000217,08,99999,08-99999,08,99999,08-99999,4238,4,43,05,53,11,12,12,N,N,N,N,4704.6
0000218,18,99999,18-99999,18,99999,18-99999,4246,3,33,05,726,110,54,66,N,N,N,N,133.6
0000219,39,178,39-178,39,178,39-178,4246,1,24,05,393,105,12,13,N,N,N,N,225.2
0000220,12,99999,12-99999,12,370,12-370,4241,4,43,05,10447,16495,82,89,N,N,N,N,1285.3
0000221,06,488,06-488,06,488,06-488,4248,1,08,05,394,60,21,27,N,N,N,N,4504.1
0000222,06,348,06-348,53,500,53-500,4241,1,39,04,692,207,923,1112,N,N,N,N,122.0
0000223,17,99999,17-99999,17,99999,17-99999,325,3,08,04,13752,44369,152,201,N,N,N,P,19.8
0000224,49,482,49-482,49,482,49-482,312,1,08,05,897,836,4,5,N,N,N,N,16.0
0000225,37,268,37-268,37,268,37-268,4237,1,34,14,221,3,6,8,N,N,N,N,443.8
0000226,39,178,39-178,49,482,49-482,333,4,33,14,235,3,1457,1667,N,N,N,N,633.5
0000227,30,99999,30-99999,30,99999,30-99999,327,1,31,04,4946,40327,73,92,N,N,N,N,35.9
0000228,27,378,27-378,27,378,27-378,4249,4,03,05,228,69,6,7,Y,N,N,N,3950.2
0000229,55,376,55-376,17,99999,17-99999,4238,4,24,14,25,2,69,81,N,N,N,N,1631.7
0000230,38,99999,38-99999,46,99999,46-99999,339,1,38,14,545,2,86,92,N,N,N,N,166.4
0000231,25,148,25-148,25,148,25-148,336,1,37,11,26455,80,28,42,N,Y,O,N,25.6
0000232,34,408,34-408,13,122,13-122,325,1,24,04,17594,4399,729,890,N,N,N,N,18.2
0000233,06,348,06-348,04,99999,04-99999,4242,1,21,14,130,5,194,239,N,N,N,N,5044.4
0000234,28,99999,28-99999,39,99999,39-99999,336,3,35,04,5498,158,795,936,N,N,N,N,52.8
0000235,25,148,25-148,33,148,33-148,332,3,34,05,816,8,40,51,N,N,N,N,1461.2
0000236,56,99999,56-99999,56,99999,56-99999,4237,1,43,05,17,3,30,30,N,N,N,N,133.6
0000237,04,536,04-536,35,99999,35-99999,4234,3,40,14,398,15,323,459,N,N,N,N,1956.4
0000238,49,482,49-482,06,348,06-348,335,4,35,14,14909,140,589,691,N,N,N,N,70.5
0000239,36,99999,36-99999,47,368,47-368,313,2,30,04,900,1866,981,1146,N,N,N,N,27.1
0000240,26,220,26-220,29,99999,29-99999,333,4,34,14,2287,6,612,734,N,N,N,N,574.0
0000241,19,99999,19-99999,27,378,27-378,331,4,32,04,11252,33620,270,394,N,N,N,N,402.9
0000242,08,216,08-216,13,122,13-122,337,3,29,14,189,10,1218,1411,N,N,N,N,2016.1
0000243,12,370,12-370,12,370,12-370,4244,2,03,05,80,7,19,25,Y,N,N,N,6614.4
0000244,37,99999,37-99999,37,99999,37-99999,327,3,31,05,1347,21992,5,7,N,N,N,N,3030.6
0000245,06,488,06-488,06,488,06-488,4245,3,03,04,1027,1869,74,92,N,N,N,N,707.3
0000246,39,178,39-178,42,99999,42-99999,339,3,38,14,46986,36,406,459,N,N,N,N,117.8
0000247,53,500,53-500,06,99999,06-99999,4246,2,24,14,187,62,847,1034,N,N,N,N,218.8
0000248,37,99999,37-99999,48,288,48-288,337,4,39,04,1822,448,923,1049,N,N,N,N,2455.3
0000249,47,368,47-368,29,99999,29-99999,4231,1,36,04,1141,167,60,100,N,N,N,N,1000.5
0000250,04,536,04-536,48,99999,48-99999,212,1,32,04,197369,50868,577,765,N,N,N,N,22.7
0000251,41,99999,41-99999,06,348,06-348,339,1,40,14,58,2,722,830,N,N,N,N,42.5
0000252,06,348,06-348,06,41740,06-41740,4243,4,30,05,90,5,99,116,N,N,N,N,2463.2
0000253,29,312,29-312,18,258,18-258,4242,1,21,04,55652,8569,513,661,N,N,N,N,23.6
0000254,29,312,29-312,31,99999,31-99999,4236,2,34,14,37,1,267,340,N,N,N,N,387.4
0000255,36,160,36-160,20,556,20-556,336,1,37,14,203,11,1042,1177,N,N,N,N,326.5
0000256,36,464,36-464,36,464,36-464,4236,2,35,14,54,13,11,15,N,N,N,N,3056.1
0000257,36,99999,36-99999,36,99999,36-99999,212,3,12,05,220,39887,14,15,N,N,N,N,294.3
0000258,39,198,39-198,17,176,17-176,4931,3,23,04,12650,1092,279,359,N,N,N,N,563.9
0000259,15,99999,15-99999,15,99999,15-99999,323,2,29,05,973,77,9,21,N,N,N,N,106.4
0000260,39,99999,39-99999,39,184,39-184,4234,1,28,05,637,127,129,147,N,N,N,N,2920.9
0000261,24,99999,24-99999,06,41740,06-41740,4234,1,38,14,55,1,2324,2780,N,N,N,N,20.8
0000262,51,99999,51-99999,51,99999,51-99999,4244,2,43,05,1123,4214,81,88,Y,N,N,N,479.9
0000263,06,488,06-488,06,488,06-488,332,3,33,04,1500,2363,33,43,N,N,N,N,184.8
0000264,34,428,34-428,24,12580,24-12580,4239,1,34,05,53,2,97,122,N,N,N,N,5283.6
0000265,06,488,06-488,06,488,06-488,335,2,35,14,225,22,57,82,N,N,N,N,278.8
0000266,01,142,01-142,01,142,01-142,4241,2,28,05,375,418,4,6,N,N,N,N,1270.1
0000267,12,45300,12-45300,12,45300,12-45300,45431,1,19,05,173,123,7,8,N,N,N,H,675.1
0000268,37,450,37-450,37,450,37-450,4235,3,35,04,123,14,4,4,N,N,N,N,578.6
0000269,42,99999,42-99999,42,99999,42-99999,324,3,19,04,679,18008,6,6,Y,N,N,N,1255.6
0000270,47,400,47-400,12,422,12-422,4233,2,31,04,3934,3678,604,696,N,N,N,N,57.8
0000271,29,476,29-476,42,428,42-428,325,4,21,14,55079,3,818,904,N,N,N,N,35.7
0000272,49,482,49-482,06,488,06-488,4238,4,33,14,10,2,540,706,N,N,N,N,3494.6
0000273,40,538,40-538,40,538,40-538,4236,3,35,04,9,5,2,3,N,N,N,N,905.0
0000274,06,348,06-348,06,348,06-348,311,3,07,04,6661,46263,2,2,Y,N,N,N,599.3
0000275,36,408,36-408,21,350,21-350,337,1,39,14,330,44,663,773,N,N,N,N,996.1
0000276,29,99999,29-99999,29,99999,29-99999,4238,2,43,14,77,2,180,234,N,N,N,N,2170.2
0000277,22,99999,22-99999,22,99999,22-99999,4235,3,33,05,69,7,45,54,N,N,N,N,328.5
0000278,37,99999,37-99999,37,99999,37-99999,45431,4,19,05,85,110,18,23,N,N,N,H,2074.7
0000279,20,312,20-312,41,440,41-440,4236,4,35,04,250,2,1484,1844,N,N,N,N,63363.5
0000280,33,148,33-148,34,428,34-428,313,1,30,04,1579,364,323,378,N,N,N,N,400.3
0000281,54,99999,54-99999,54,99999,54-99999,4233,2,31,05,1946,47433,6,12,N,N,N,N,185.6
0000282,48,99999,48-99999,06,348,06-348,4235,3,41,04,110813,48338,942,1120,N,N,N,N,48.6
0000283,26,266,26-266,26,99999,26-99999,4247,4,17,04,40227,89029,79,108,N,N,N,P,1000.5
0000284,45,273,45-273,36,408,36-408,334,1,35,11,28325,1216,615,1061,N,Y,O,N,24.2
0000285,16,99999,16-99999,16,99999,16-99999,4237,4,34,05,5,1,5,6,N,N,N,N,292.1
0000286,24,47900,24-47900,51,47900,51-47900,327,4,31,05,141,1801,17,22,N,N,N,N,385.8
0000287,29,99999,29-99999,47,99999,47-99999,321,4,26,05,38002,36419,342,467,N,N,N,N,28.9
0000288,17,476,17-476,29,476,29-476,4238,1,34,14,74,4,42,47,N,N,N,N,2810.1
0000289,36,408,36-408,17,176,17-176,331,2,32,14,74,14,713,832,N,N,N,N,65.1
0000290,06,348,06-348,48,206,48-206,4246,2,24,14,208,18,1223,1442,N,N,N,N,759.8
0000291,53,500,53-500,53,500,53-500,327,2,31,05,706,1355,10,10,N,N,N,N,4479.1
0000292,06,488,06-488,06,488,06-488,212,1,12,04,205,45651,24,35,N,N,N,N,66.2
0000293,39,212,39-212,27,378,27-378,326,3,24,04,4171,3672,583,744,N,N,N,N,72.4
0000294,21,99999,21-99999,48,206,48-206,322,3,28,04,62067,41208,670,759,N,N,N,N,27.4
0000295,12,45300,12-45300,06,41740,06-41740,334,1,35,14,51023,4,2079,2458,N,N,N,N,77.1
0000296,37,99999,37-99999,37,99999,37-99999,4249,2,43,05,1402,880,31,55,Y,N,N,N,394.0
0000297,18,294,18-294,19,99999,19-99999,4241,1,43,04,203,38,257,304,N,N,N,N,1030.3
0000298,09,25540,09-25540,28,99999,28-99999,4234,4,38,14,1233,5,1181,1340,N,N,N,N,426.1
0000299,06,348,06-348,06,348,06-348,326,1,24,04,83569,33252,16,21,N,N,N,N,37.2
0000300,38,99999,38-99999,55,99999,55-99999,327,2,31,04,4803,40245,358,412,N,N,N,N,249.5
0000301,39,178,39-178,48,12420,48-12420,332,2,33,14,69,4,979,1145,N,N,N,N,462.9
0000302,22,99999,22-99999,22,99999,22-99999,4236,4,35,05,136,26,6,7,N,N,N,N,530.3
0000303,06,348,06-348,06,41740,06-41740,4241,4,35,14,359,57,126,137,N,N,N,N,150.9
0000304,12,370,12-370,28,99999,28-99999,4234,3,21,14,287,14,736,912,N,N,N,N,90.1
0000305,18,294,18-294,18,294,18-294,4245,3,03,04,15827,55862,30,36,N,N,N,N,19.7
0000306,48,206,48-206,48,288,48-288,4246,3,24,14,553,30,257,287,N,N,N,N,68.7
0000307,24,99999,24-99999,24,99999,24-99999,5111,3,29,04,765,900,4,6,N,N,N,N,54.5
0000308,22,406,22-406,22,99999,22-99999,4931,4,22,12,197643,606244,202,202,Y,N,N,H,26.4
0000309,34,428,34-428,36,408,36-408,327,4,31,04,13113,42422,84,96,N,N,N,N,54.9
0000310,27,378,27-378,27,99999,27-99999,4541,2,36,14,329,9,121,158,N,N,N,N,5208.3
0000311,12,300,12-300,12,300,12-300,4246,4,24,04,1020,497,19,24,N,N,N,N,71.6
0000312,53,500,53-500,53,500,53-500,311,1,07,14,23,1,8,11,N,N,N,N,6566.5
0000313,53,500,53-500,53,500,53-500,4249,1,04,04,9681,50820,2,2,N,Y,O,N,241.7
0000314,26,266,26-266,21,178,21-178,332,4,40,05,27,1,310,425,N,N,N,N,104.2
0000315,53,99999,53-99999,41,99999,41-99999,4245,2,03,05,4322,360,323,404,N,N,N,N,644.9
0000316,02,99999,02-99999,55,99999,55-99999,4235,4,33,04,924,707,250,287,N,N,N,N,482.9
0000317,37,268,37-268,37,268,37-268,4237,2,40,05,129,65,4,4,N,N,N,N,163.2
0000318,37,450,37-450,42,99999,42-99999,331,2,32,04,2191,482,388,536,N,N,N,N,35.0
0000319,36,99999,36-99999,34,428,34-428,4241,1,24,14,65,9,255,324,N,N,N,N,1007.6
0000320,34,408,34-408,42,428,42-428,4232,1,30,05,21555,8670,57,70,N,N,N,N,526.4
0000321,36,160,36-160,42,99999,42-99999,4239,3,40,14,550,2,223,337,N,N,N,N,181.2
0000322,21,99999,21-99999,21,99999,21-99999,4231,3,35,05,31,5,15,15,N,N,N,N,44649.6
0000323,15,46520,15-46520,15,99999,15-99999,314,4,30,11,711,13,106,129,N,N,N,N,255.6
0000324,06,488,06-488,06,488,06-488,4249,4,31,05,167,55,3,3,N,N,N,N,1242.1
0000325,34,408,34-408,36,408,36-408,4235,2,33,04,730,92,13,17,N,N,N,N,2512.5
0000326,13,99999,13-99999,13,122,13-122,4249,2,03,05,676,247,29,39,N,N,N,N,679.8
0000327,34,408,34-408,34,408,34-408,4248,2,08,05,365,308,9,13,N,N,N,N,2263.9
0000328,04,38060,04-38060,06,348,06-348,333,1,38,14,571,2,362,391,N,N,N,N,6.3
0000329,06,348,06-348,06,348,06-348,327,2,31,05,92,67,3,3,N,N,N,N,10994.1
0000330,36,99999,36-99999,36,99999,36-99999,45431,3,18,05,336,746,16,16,N,N,N,P,2583.5
0000331,10,99999,10-99999,24,99999,24-99999,321,3,26,05,639,778,38,49,N,N,N,N,17.8
0000332,24,12580,24-12580,36,408,36-408,336,4,34,04,5797,2199,199,254,N,N,N,N,254.5
0000333,06,348,06-348,06,488,06-488,337,3,39,05,1348,1078,331,352,N,N,N,N,804.7
0000334,06,260,06-260,06,260,06-260,4243,3,30,05,14,3,8,8,N,N,N,N,2221.7
0000335,18,294,18-294,05,99999,05-99999,333,1,34,14,429,7,554,669,N,N,N,N,225.8
0000336,18,258,18-258,39,184,39-184,325,3,24,04,1091,360,197,222,N,N,N,N,79.0
0000337,06,99999,06-99999,06,488,06-488,4234,3,38,14,987,1,135,157,N,N,N,N,1519.3
0000338,27,99999,27-99999,01,142,01-142,326,3,40,04,9744,3749,1165,1423,N,N,N,N,105.7
0000339,18,99999,18-99999,18,99999,18-99999,4231,4,24,05,8346,1733,5,5,N,N,N,N,451.4
0000340,41,99999,41-99999,39,184,39-184,4232,2,40,14,142,20,2118,2607,N,N,N,N,246.7
0000341,51,99999,51-99999,51,99999,51-99999,212,2,15,05,3271,65426,13,18,N,N,N,N,807.6
0000342,26,220,26-220,36,408,36-408,4242,3,21,14,426,2,528,714,N,N,N,N,875.2
0000343,42,430,42-430,26,220,26-220,311,3,07,04,8873,41328,218,301,N,N,N,N,425.5
0000344,27,378,27-378,27,378,27-378,4231,3,34,05,2536,248,10,14,N,N,N,N,4678.7
0000345,06,260,06-260,06,488,06-488,311,3,07,05,6195,3088,131,161,Y,N,N,N,129.1
0000346,51,47900,51-47900,51,47900,51-47900,212,2,12,04,361,35459,8,8,N,N,N,N,563.6
0000347,55,99999,55-99999,31,99999,31-99999,4238,3,34,14,647,47,626,771,N,N,N,N,625.3
0000348,39,184,39-184,39,99999,39-99999,4241,2,43,05,41,2,37,48,N,N,N,N,1872.9
0000349,06,348,06-348,06,41740,06-41740,4241,1,27,05,1296,1515,78,87,N,N,N,N,1452.9
0000350,49,99999,49-99999,49,482,49-482,321,2,26,04,1981,11706,33,44,N,N,N,N,58.7
0000351,39,184,39-184,17,176,17-176,332,3,33,05,231,45,319,371,N,N,N,N,695.8
0000352,09,408,09-408,50,99999,50-99999,4931,4,40,14,976,9,119,140,N,N,N,N,20.5
0000353,30,99999,30-99999,30,99999,30-99999,4235,1,32,05,104,60,4,5,N,N,N,N,64.7
0000354,09,25540,09-25540,48,206,48-206,4238,1,34,14,72,2,1469,1694,N,N,N,N,14316.2
0000355,16,99999,16-99999,53,99999,53-99999,4931,2,43,05,44383,23138,300,370,N,N,N,N,28.8
0000356,01,380,01-380,36,408,36-408,4239,3,24,04,2814,35171,1073,1258,N,N,N,N,304.2
0000357,06,99999,06-99999,56,99999,56-99999,212,4,31,04,3796,28328,635,848,N,N,N,N,15.7
0000358,18,294,18-294,24,12580,24-12580,334,3,38,04,29545,70,524,621,N,N,N,N,300.5
0000359,47,99999,47-99999,01,99999,01-99999,4245,3,02,04,8812,65798,61,74,N,N,N,N,294.8
0000360,51,99999,51-99999,51,99999,51-99999,311,2,05,04,22511,17602,28,37,Y,N,N,N,71.6
0000361,12,422,12-422,12,300,12-300,4236,1,34,04,28637,1859,133,149,N,N,N,N,88.4
0000362,32,99999,32-99999,29,476,29-476,4236,4,35,14,86,1,1578,1888,N,N,N,N,17587.0
0000363,29,312,29-312,42,428,42-428,339,2,35,04,1585,32,1004,1105,N,N,N,N,342.7
0000364,39,184,39-184,39,184,39-184,324,2,19,04,634,30939,5,7,N,N,N,N,353.2
0000365,09,25540,09-25540,06,488,06-488,327,2,31,14,770,2,2599,3044,N,N,N,N,45.1
0000366,47,99999,47-99999,13,122,13-122,4931,2,26,04,16820,47287,113,152,N,N,N,N,305.4
0000367,18,294,18-294,18,294,18-294,4241,3,28,04,3305,6894,21,31,N,N,N,N,227.5
0000368,53,440,53-440,41,440,41-440,4242,2,21,04,113,2,49,59,N,N,N,N,133.8
0000369,32,99999,32-99999,32,99999,32-99999,4248,4,08,05,457,550,51,58,N,N,N,N,284.5
0000370,48,99999,48-99999,48,99999,48-99999,5111,2,29,05,10,4,4,4,N,N,N,N,1519.8
0000371,06,99999,06-99999,06,348,06-348,212,3,31,04,5975,37819,485,605,N,N,N,N,15.8
0000372,09,99999,09-99999,34,428,34-428,322,2,27,04,5296,12457,195,224,N,N,N,N,67.3
0000373,24,47900,24-47900,10,99999,10-99999,4232,1,26,05,1111,4,94,126,N,N,N,N,2756.7
0000374,06,488,06-488,06,488,06-488,212,3,11,05,722,60255,7,9,N,N,N,N,122.0
0000375,04,38060,04-38060,04,38060,04-38060,4241,4,28,05,258,106,4,4,N,N,N,N,1014.5
0000376,18,176,18-176,18,176,18-176,4238,2,34,05,10995,1429,14,21,N,N,N,N,117.4
0000377,47,314,47-314,47,99999,47-99999,314,2,30,05,1801,450,16,26,N,N,N,N,136.5
0000378,42,428,42-428,37,268,37-268,326,3,30,14,139,9,370,467,N,N,N,N,22.9
0000379,51,40060,51-40060,48,99999,48-99999,335,1,32,04,86479,29848,1428,1741,N,Y,M,N,13.6
0000380,39,178,39-178,39,212,39-212,334,3,35,04,6743,189,31,41,N,N,N,N,46.8
0000381,12,45300,12-45300,12,45300,12-45300,5111,3,29,05,5063,22331,8,11,N,N,N,N,109.8
0000382,40,99999,40-99999,40,99999,40-99999,325,3,20,05,2041,29551,238,259,Y,N,N,H,187.0
0000383,32,332,32-332,04,99999,04-99999,4931,2,30,04,135069,28815,211,262,N,N,N,N,337.5
0000384,22,99999,22-99999,48,206,48-206,332,2,32,04,36526,48061,222,247,N,N,N,N,65.5
0000385,08,216,08-216,45,273,45-273,4541,4,29,14,6,1,1281,1512,N,N,N,N,92689.3
0000386,48,99999,48-99999,36,99999,36-99999,331,2,33,04,61102,8920,1479,1655,N,N,N,N,74.0
0000387,36,104,36-104,06,348,06-348,4231,1,35,14,37,5,2464,2832,N,N,N,N,3950.9
0000388,48,12420,48-12420,48,12420,48-12420,326,4,24,04,8757,243,16,21,N,N,N,N,18.0
0000389,37,99999,37-99999,12,370,12-370,333,3,34,04,398,26,678,778,N,N,N,N,56.1
0000390,55,99999,55-99999,55,99999,55-99999,336,4,36,05,1324,630,103,125,N,N,N,N,455.5
0000391,01,99999,01-99999,28,99999,28-99999,322,4,28,04,9087,15310,36,42,N,N,N,N,426.0
0000392,01,380,01-380,22,99999,22-99999,321,4,26,04,6297,56495,271,304,N,N,N,N,234.5
0000393,08,216,08-216,40,538,40-538,334,1,38,14,22744,141,563,718,N,N,N,N,148.2
0000394,13,122,13-122,12,99999,12-99999,4243,1,30,04,1676,180,273,402,N,N,N,N,632.9
0000395,19,99999,19-99999,49,482,49-482,332,4,40,04,173183,30212,1101,1253,N,N,N,H,5.0
0000396,48,288,48-288,26,220,26-220,4243,2,30,14,587,34,1111,1394,N,N,N,N,1635.9
0000397,34,408,34-408,34,408,34-408,551114,4,21,14,47,1,30,37,N,N,N,N,93.8
0000398,51,47900,51-47900,25,148,25-148,323,2,29,14,394,1,399,447,N,N,N,N,2291.8
0000399,18,99999,18-99999,18,99999,18-99999,4234,4,35,04,4948,1,10,10,N,N,N,N,594.9
0000400,39,99999,39-99999,17,99999,17-99999,332,2,34,04,32908,3289,409,472,N,N,N,N,104.8
0000401,13,122,13-122,47,99999,47-99999,335,4,32,04,64566,46196,151,189,N,N,N,N,5.0
0000402,39,212,39-212,39,198,39-198,336,1,36,04,82875,17910,38,57,N,N,N,N,53.3
0000403,24,99999,24-99999,10,99999,10-99999,212,3,13,04,314,40521,23,28,N,N,N,N,93.0
0000404,41,440,41-440,53,440,53-440,325,3,20,04,8686,5278,45,52,N,N,N,N,29.9
0000405,39,184,39-184,39,184,39-184,4931,2,43,05,10257,23412,37,45,N,N,N,N,384.4
0000406,49,482,49-482,37,268,37-268,4541,1,36,14,139,10,1735,2065,N,N,N,N,34996.1
0000407,39,99999,39-99999,37,172,37-172,4238,3,36,04,5003,357,478,640,N,N,N,N,78.3
0000408,13,496,13-496,13,122,13-122,324,2,19,04,16396,56032,223,264,Y,N,N,H,228.8
0000409,18,258,18-258,18,258,18-258,45431,4,19,05,568,1081,9,13,N,N,N,H,247.9
0000410,29,476,29-476,29,476,29-476,212,2,12,05,106,25375,6,6,N,N,N,N,253.1
0000411,39,198,39-198,17,176,17-176,4541,1,40,14,13,1,288,369,N,N,N,N,18682.5
0000412,40,99999,40-99999,13,122,13-122,311,1,06,04,43918,32287,587,782,N,N,N,N,300.1
0000413,19,99999,19-99999,46,99999,46-99999,4234,3,35,14,572,4,135,187,N,N,N,N,176.8
0000414,16,99999,16-99999,16,99999,16-99999,4238,2,36,14,72,7,14,21,N,N,N,N,4183.3
0000415,17,176,17-176,21,350,21-350,336,3,36,04,11984,13520,251,280,N,N,N,N,478.1
0000416,25,99999,25-99999,39,99999,39-99999,4239,1,41,04,3057,46906,504,651,N,N,N,N,13.7
0000417,26,220,26-220,09,408,09-408,339,2,38,14,1842,1,497,744,N,N,N,N,17.8
0000418,48,206,48-206,53,500,53-500,4244,2,03,04,1154,2749,1666,2207,N,N,N,N,247.1
0000419,41,440,41-440,41,99999,41-99999,4238,2,43,04,6812,1233,92,120,N,N,N,N,1781.2
0000420,29,312,29-312,20,312,20-312,323,3,29,05,101,3,10,14,N,N,N,N,179.1
0000421,37,172,37-172,45,99999,45-99999,4239,3,41,05,4569,28833,51,66,N,N,N,N,120.8
0000422,48,288,48-288,48,288,48-288,4244,1,05,05,70,14,28,33,Y,N,N,N,4652.2
0000423,31,99999,31-99999,42,430,42-430,334,3,35,14,149,1,856,943,N,N,N,N,258.4
0000424,47,368,47-368,47,368,47-368,321,2,26,05,675,6303,7,9,N,N,N,N,482.0
0000425,09,99999,09-99999,51,47900,51-47900,4931,3,39,04,3930,1536,356,409,N,N,N,N,4006.0
0000426,13,99999,13-99999,47,99999,47-99999,4244,1,43,05,11939,8830,178,202,Y,N,N,N,538.5
0000427,39,184,39-184,39,184,39-184,212,4,12,04,196,43674,4,4,N,N,N,N,332.7
0000428,36,104,36-104,36,104,36-104,324,1,12,05,100,38091,6,6,N,N,N,N,178.8
0000429,21,178,21-178,39,212,39-212,4234,1,21,05,1638,328,60,78,N,N,N,N,155.3
0000430,31,99999,31-99999,31,99999,31-99999,327,2,31,04,139,4343,13,13,N,N,N,N,386.1
0000431,09,408,09-408,31,420,31-420,4238,4,35,14,2384,13,1189,1317,N,N,N,N,344.2
0000432,12,370,12-370,12,370,12-370,4233,2,26,05,1089,2199,23,26,N,N,N,N,1860.1
0000433,47,99999,47-99999,42,428,42-428,332,4,40,04,5038,1354,430,497,N,N,N,N,14.2
0000434,37,99999,37-99999,05,99999,05-99999,333,2,33,14,782,71,767,940,N,N,N,N,247.7
0000435,42,99999,42-99999,42,99999,42-99999,4244,4,07,05,495,550,43,68,N,N,N,N,639.2
0000436,48,206,48-206,12,300,12-300,4236,3,35,14,770,15,914,1052,N,N,N,N,3418.4
0000437,20,312,20-312,45,273,45-273,551114,4,21,14,20,1,737,914,N,N,N,N,6240.8
0000438,05,99999,05-99999,42,99999,42-99999,4541,1,33,14,333,9,987,1145,N,N,N,N,3001.6
0000439,15,99999,15-99999,15,99999,15-99999,4237,1,43,05,7,1,7,7,N,N,N,N,403.3
0000440,16,99999,16-99999,16,99999,16-99999,311,4,07,04,817,1979,17,17,Y,N,N,N,2069.1
0000441,48,99999,48-99999,48,99999,48-99999,212,1,11,04,316,58406,14,14,N,N,N,N,675.0
0000442,55,99999,55-99999,26,99999,26-99999,4233,3,33,05,167,225,152,199,N,N,N,N,725.6
0000443,36,408,36-408,09,25540,09-25540,4236,1,35,14,693,10,74,123,N,N,N,N,1778.8
0000444,56,99999,56-99999,30,99999,30-99999,327,4,13,04,6303,43568,195,290,N,N,N,N,46.4
0000445,22,406,22-406,22,406,22-406,4541,4,21,14,7,2,10,13,N,N,N,N,16391.6
0000446,47,400,47-400,37,268,37-268,331,2,33,04,9551,20631,356,440,N,N,N,N,164.5
0000447,08,99999,08-99999,56,99999,56-99999,4237,3,43,04,17243,11643,397,515,N,N,N,N,530.7
0000448,17,99999,17-99999,17,99999,17-99999,45431,4,19,05,291,711,10,10,N,N,N,H,1024.8
0000449,39,212,39-212,39,212,39-212,212,1,11,04,102,41873,6,6,N,N,N,N,257.1
0000450,41,00000,41-00000,18,99999,18-99999,311,4,01-05,02,75202,117965,1708,2245,N,N,N,N,331.5
0000451,47,99999,47-99999,47,99999,47-99999,4248,2,08,05,7899,11971,42,54,N,N,N,N,137.2
0000452,18,99999,18-99999,26,220,26-220,332,3,33,14,191,12,141,168,N,N,N,N,324.4
0000453,22,29340,22-29340,22,29340,22-29340,4238,4,34,05,9,2,7,7,N,N,N,N,126.5
0000454,09,408,09-408,29,312,29-312,335,1,35,14,842,1,1110,1250,N,N,N,N,46.0
0000455,42,99999,42-99999,42,99999,42-99999,311,1,05,05,47817,27015,52,68,Y,N,N,N,76.4
0000456,13,99999,13-99999,48,288,48-288,322,3,27,04,12736,35109,707,772,N,N,N,N,201.9
0000457,47,400,47-400,18,99999,18-99999,4246,1,23,04,747,901,213,251,N,N,N,H,1092.2
0000458,06,488,06-488,06,488,06-488,4236,1,35,05,43,90,17,22,N,N,N,N,5507.7
0000459,13,122,13-122,13,122,13-122,321,4,26,05,1981,32418,25,31,N,N,N,N,395.2
0000460,37,172,37-172,21,178,21-178,337,3,26,14,194,66,355,515,N,N,N,N,473.3
0000461,12,370,12-370,12,370,12-370,4236,1,35,14,161,23,30,35,N,N,N,N,1605.6
0000462,28,99999,28-99999,28,99999,28-99999,4239,3,41,05,2416,19721,22,27,N,N,N,N,320.5
0000463,06,348,06-348,08,99999,08-99999,4239,3,40,14,22,1,800,1106,N,N,N,N,135222.4
0000464,51,99999,51-99999,13,122,13-122,325,3,23,04,9016,3019,503,586,N,N,N,N,412.8
0000465,19,99999,19-99999,19,99999,19-99999,4237,4,34,14,378,2,89,112,N,N,N,N,741.9
0000466,42,430,42-430,42,430,42-430,4241,1,43,05,20,3,7,7,N,N,N,N,1498.9
0000467,37,99999,37-99999,37,99999,37-99999,4238,4,36,14,42,2,7,7,N,N,N,N,756.7
0000468,27,99999,27-99999,04,99999,04-99999,332,4,33,14,95,14,1394,1905,N,N,N,N,184.5
0000469,34,408,34-408,34,408,34-408,4238,4,34,05,2131,2747,19,28,N,N,N,N,1863.6
0000470,44,148,44-148,36,408,36-408,339,3,37,11,495,7,146,315,N,Y,O,N,582.2
0000471,49,482,49-482,16,99999,16-99999,4245,1,02,05,7826,65222,27,43,N,N,N,N,50.3
0000472,39,99999,39-99999,26,220,26-220,331,1,33,04,9909,8160,77,87,N,N,N,N,63.1
0000473,17,176,17-176,17,176,17-176,326,1,24,05,25560,22226,12,18,N,N,N,N,85.8
0000474,51,40060,51-40060,47,368,47-368,4234,4,35,14,4856,3,702,817,N,N,N,N,48.1
0000475,06,348,06-348,06,348,06-348,4235,2,33,05,2389,684,10,15,N,N,N,N,1512.8
0000476,48,12420,48-12420,48,12420,48-12420,323,4,29,14,515,64,8,12,N,N,N,N,546.9
0000477,42,99999,42-99999,42,99999,42-99999,4249,2,07,05,16325,85603,7,8,N,N,N,N,1974.3
0000478,21,99999,21-99999,39,178,39-178,313,3,40,04,172,27,243,289,N,N,N,N,43.4
0000479,06,488,06-488,06,488,06-488,311,4,05,05,833,252,40,49,Y,N,N,N,279.7
0000480,22,406,22-406,48,99999,48-99999,326,3,24,04,135,3,827,942,N,Y,M,N,494.9
0000481,48,288,48-288,54,99999,54-99999,325,2,24,06,95784,216817,1098,1779,N,N,N,N,89.7
0000482,37,450,37-450,37,450,37-450,4235,4,32,04,824,725,13,14,N,N,N,N,107.5
0000483,36,99999,36-99999,36,99999,36-99999,325,1,40,14,941,2,23,33,N,N,N,N,952.5
0000484,48,206,48-206,04,99999,04-99999,325,3,23,04,4241,923,853,1065,N,N,N,N,745.9
0000485,26,220,26-220,26,220,26-220,322,2,28,05,359,407,5,7,N,N,N,N,457.3
0000486,51,99999,51-99999,51,99999,51-99999,4237,1,43,05,23,2,4,4,N,N,N,N,2502.5
0000487,22,406,22-406,22,406,22-406,327,4,31,05,770,30785,7,14,N,N,N,N,86.2
0000488,55,99999,55-99999,27,378,27-378,4235,3,32,04,815,275,253,292,N,N,N,N,792.4
0000489,02,99999,02-99999,02,99999,02-99999,4238,4,34,04,229,16,5,7,N,N,N,N,167.3
0000490,54,99999,54-99999,54,99999,54-99999,4238,1,43,05,770,27,21,42,N,N,N,N,769.6
0000491,06,41740,06-41740,06,41740,06-41740,327,1,31,05,1548,16356,4,4,N,N,N,N,27.8
0000492,37,450,37-450,22,12940,22-12940,5111,4,29,14,21,1,801,912,N,N,N,N,1535.8
0000493,26,220,26-220,48,206,48-206,4541,1,36,14,33,1,1049,1281,N,N,N,N,7178.2
0000494,34,408,34-408,29,312,29-312,325,1,23,04,8396,765,1082,1189,N,N,N,P,345.4
0000495,31,99999,31-99999,31,99999,31-99999,4234,3,38,14,84,1,69,73,N,N,N,N,450.4
0000496,49,99999,49-99999,55,99999,55-99999,326,2,24,11,828,22,1144,1271,N,N,N,N,94.9
0000497,36,408,36-408,48,206,48-206,325,4,21,14,24,11,1410,1621,N,N,N,N,132.4
0000498,39,198,39-198,12,370,12-370,4249,1,40,14,297,35,952,1144,N,N,N,N,445.0
0000499,53,500,53-500,51,545,51-545,4234,2,35,14,77,4,2437,2968,N,N,N,N,3829.6
0000500,22,406,22-406,22,406,22-406,324,3,19,05,15393,56139,29,39,Y,N,N,H,21.6
0000501,17,99999,17-99999,18,99999,18-99999,324,4,20,05,3273,53350,39,46,N,N,N,H,84.4
0000502,05,99999,05-99999,13,122,13-122,322,4,28,04,29293,32575,469,620,N,N,N,N,422.9
0000503,40,99999,40-99999,40,99999,40-99999,4248,4,08,05,4503,6754,10,10,Y,N,N,N,90.6
0000504,39,198,39-198,21,350,21-350,325,4,23,04,22208,40146,203,237,N,N,N,P,321.4
0000505,48,13140,48-13140,05,99999,05-99999,331,2,33,04,2207,1041,370,571,N,N,N,N,137.9
0000506,41,440,41-440,53,440,53-440,4239,3,41,15,23515,28853,4,7,N,Y,O,N,20.9
0000507,17,176,17-176,17,176,17-176,212,4,12,05,85,39714,4,4,N,N,N,N,907.2
0000508,48,41700,48-41700,48,41700,48-41700,4244,3,43,05,518,607,7,9,Y,N,N,N,10466.1
0000509,39,212,39-212,39,212,39-212,327,4,12,04,66,26134,8,10,N,N,N,N,1854.6
0000510,31,99999,31-99999,31,99999,31-99999,4245,4,02,04,6304,55059,37,46,N,N,N,N,581.9
0000511,27,99999,27-99999,25,148,25-148,327,1,27,14,524,15,1226,1530,N,N,N,N,684.3
0000512,49,99999,49-99999,08,99999,08-99999,4249,3,40,04,811,172,602,767,N,N,N,N,216.5
0000513,17,99999,17-99999,13,99999,13-99999,4245,1,03,06,35346,150930,624,807,N,N,N,N,93.5
0000514,27,99999,27-99999,27,99999,27-99999,322,2,28,04,1015,3562,30,33,N,N,N,N,139.9
0000515,33,148,33-148,33,148,33-148,339,4,38,05,262,1,10,22,N,N,N,N,433.0
0000516,31,99999,31-99999,31,99999,31-99999,325,3,04,04,1866,49296,50,64,N,N,N,N,170.7
0000517,42,408,42-408,27,378,27-378,326,4,24,04,17156,7270,962,1164,N,N,N,N,41.3
0000518,47,99999,47-99999,12,422,12-422,325,4,20,04,39908,48083,639,764,N,N,N,N,141.8
0000519,06,348,06-348,37,172,37-172,339,2,38,14,991,29,2093,2419,N,N,N,N,4086.3
0000520,13,99999,13-99999,45,99999,45-99999,337,3,39,05,1820,499,207,246,N,N,N,N,260.8
0000521,47,314,47-314,47,314,47-314,4248,3,08,05,77,144,29,38,N,N,N,N,2138.2
0000522,32,332,32-332,32,332,32-332,311,1,06,05,32,9,4,5,N,N,N,N,11431.4
0000523,47,99999,47-99999,01,99999,01-99999,4245,4,02,04,8104,60514,61,74,N,N,N,N,478.4
0000524,26,220,26-220,26,220,26-220,311,3,07,05,1040,1709,5,5,Y,N,N,N,195.1
0000525,18,99999,18-99999,17,176,17-176,332,3,32,04,6522,15506,63,81,N,N,N,N,187.8
0000526,26,266,26-266,21,350,21-350,336,3,36,04,678,113,325,395,N,N,N,N,3211.1
0000527,12,99999,12-99999,28,99999,28-99999,4234,2,35,14,1054,19,457,727,N,N,N,N,4467.5
0000528,06,348,06-348,06,348,06-348,4246,3,24,05,1361,156,12,16,N,N,N,N,3354.9
0000529,27,378,27-378,27,378,27-378,327,3,31,04,2021,6432,39,50,N,N,N,N,268.1
0000530,36,408,36-408,36,408,36-408,4244,4,43,05,154,67,9,11,Y,N,N,N,8379.1
0000531,48,206,48-206,48,206,48-206,4244,1,07,04,15494,15769,48,54,N,N,N,N,55.1
0000532,04,536,04-536,04,536,04-536,323,4,29,05,5442,225,11,15,N,N,N,N,22.3
0000533,40,538,40-538,40,538,40-538,4245,1,02,05,301,2067,17,24,N,N,N,N,114.0
0000534,25,148,25-148,36,104,36-104,5111,4,29,14,171,6,115,163,N,N,N,N,218.9
0000535,06,348,06-348,25,148,25-148,334,3,35,11,15684,2,2591,2658,N,N,N,N,133.4
0000536,08,216,08-216,08,216,08-216,5111,4,29,05,3923,26387,22,29,N,N,N,N,106.0
0000537,47,99999,47-99999,47,99999,47-99999,332,1,34,04,178620,20241,118,144,N,N,N,N,41.4
0000538,15,46520,15-46520,15,46520,15-46520,327,1,31,05,976,24188,14,16,N,N,N,N,828.0
0000539,37,99999,37-99999,36,408,36-408,337,3,39,04,56332,8290,546,673,N,N,N,N,402.6
0000540,40,538,40-538,40,99999,40-99999,4235,4,31,05,2754,4783,36,50,N,N,N,N,269.4
0000541,36,408,36-408,18,294,18-294,5111,1,29,14,2,1,646,730,N,N,N,N,136.1
0000542,19,99999,19-99999,18,294,18-294,311,1,43,04,34825,22588,566,672,Y,N,N,N,130.2
0000543,21,99999,21-99999,21,99999,21-99999,212,2,12,04,202,44415,16,16,N,N,N,N,980.4
0000544,23,99999,23-99999,23,99999,23-99999,45431,4,18,05,387,858,10,10,N,N,N,P,17183.4
0000545,20,312,20-312,20,312,20-312,4238,3,34,14,29,1,2,2,N,N,N,N,650.2
0000546,44,148,44-148,25,148,25-148,333,3,34,04,696,50,59,73,N,N,N,N,146.4
0000547,17,99999,17-99999,17,99999,17-99999,325,4,04,05,1786,39679,43,54,N,N,N,N,262.7
0000548,39,99999,39-99999,39,99999,39-99999,4236,1,35,05,6,1,3,4,N,N,N,N,1434.8
0000549,47,400,47-400,47,314,47-314,4239,4,24,14,929,115,139,161,N,N,N,N,439.9
0000550,40,416,40-416,40,416,40-416,4233,4,31,05,2168,48702,3,5,N,N,N,N,437.8
0000551,17,176,17-176,17,176,17-176,326,1,24,05,4404,6182,18,22,N,N,N,N,201.2
0000552,01,99999,01-99999,37,99999,37-99999,4238,4,36,14,338,23,549,638,N,N,N,N,2624.5
0000553,56,99999,56-99999,56,99999,56-99999,323,2,30,04,528,10,72,72,N,N,N,N,115.4
0000554,34,428,34-428,17,176,17-176,324,4,19,06,90477,173548,670,868,N,N,N,P,592.7
0000555,48,41700,48-41700,48,41700,48-41700,4233,3,31,04,34,380,3,3,N,N,N,N,1511.4
0000556,42,428,42-428,42,428,42-428,311,1,07,04,4670,10934,4,7,N,N,N,N,64.2
0000557,08,99999,08-99999,08,99999,08-99999,4242,4,21,05,108,27,5,9,N,N,N,H,229.3
0000558,25,148,25-148,06,488,06-488,333,4,38,14,522,9,2670,3160,N,N,N,N,84.7
0000559,45,16700,45-16700,12,45300,12-45300,4541,1,40,14,420,14,370,466,N,N,N,N,227.4
0000560,37,268,37-268,48,288,48-288,313,4,30,04,22422,16700,957,1111,N,Y,O,N,73.8
0000561,09,408,09-408,09,99999,09-99999,4238,3,36,04,84,1,39,55,N,N,N,N,2024.5
0000562,40,416,40-416,40,99999,40-99999,337,1,39,05,1765,830,71,81,N,N,N,N,20.4
0000563,25,148,25-148,34,408,34-408,4239,4,40,14,224,25,247,326,N,N,N,N,698.1
0000564,23,99999,23-99999,23,99999,23-99999,327,2,31,05,176,23,8,8,N,N,N,N,357.3
0000565,46,99999,46-99999,46,99999,46-99999,327,4,31,04,5109,44002,29,45,N,N,N,N,26.2
0000566,32,99999,32-99999,32,99999,32-99999,324,1,17,04,13198,28171,3,3,N,N,N,P,4.9
0000567,34,408,34-408,34,408,34-408,327,1,31,05,333,2199,5,5,N,N,N,N,109.0
0000568,21,178,21-178,21,178,21-178,4237,4,43,05,152,4,5,5,N,N,N,N,644.6
0000569,06,488,06-488,12,99999,12-99999,312,2,08,04,32478,38986,1993,2399,N,N,N,N,432.1
0000570,47,400,47-400,47,400,47-400,5111,4,29,05,2053,811,34,42,N,N,N,N,94.3
0000571,20,99999,20-99999,20,99999,20-99999,339,2,38,14,189,3,83,96,N,N,N,N,452.1
0000572,06,99999,06-99999,22,406,22-406,315,1,30,14,1109,9,1886,2218,N,N,N,N,15.4
0000573,21,99999,21-99999,37,99999,37-99999,336,3,34,04,31654,18024,541,673,N,N,N,N,339.5
0000574,29,476,29-476,36,160,36-160,332,2,33,14,159,11,660,752,N,N,N,N,1500.1
0000575,29,476,29-476,17,176,17-176,339,2,38,11,83100,1039,269,645,N,Y,O,N,45.6
0000576,42,408,42-408,42,428,42-428,322,3,28,04,641,1986,26,32,N,N,N,N,96.0
0000577,15,46520,15-46520,15,46520,15-46520,4233,1,26,05,1082,483,4,5,N,N,N,N,639.6
0000578,34,408,34-408,34,408,34-408,312,4,07,05,13583,58630,22,28,N,N,N,N,254.0
0000579,05,99999,05-99999,13,99999,13-99999,4541,4,07,14,32,1,408,570,N,N,N,N,803.7
0000580,47,400,47-400,51,40060,51-40060,333,1,34,14,1836,1,518,624,N,N,N,N,53.8
0000581,18,294,18-294,55,99999,55-99999,4234,2,23,14,2061,136,329,390,N,N,N,N,29847.7
0000582,21,99999,21-99999,21,99999,21-99999,212,4,15,04,2716,72424,28,35,N,N,N,N,28.5
0000583,33,148,33-148,25,148,25-148,4237,2,34,05,2367,385,38,50,N,N,N,N,307.4
0000584,29,476,29-476,29,476,29-476,212,1,12,05,147,35807,4,6,N,N,N,N,82.1
0000585,04,99999,04-99999,04,99999,04-99999,323,1,29,05,43,1,4,4,N,N,N,N,44.6
0000586,06,348,06-348,06,348,06-348,311,2,04,05,8468,57527,25,31,N,N,N,N,281.8
0000587,49,99999,49-99999,32,99999,32-99999,4247,2,18,05,601,1568,122,151,N,N,N,P,213.2
0000588,09,408,09-408,09,408,09-408,4237,3,32,05,140,27,16,20,N,N,N,N,325.4
0000589,27,378,27-378,39,178,39-178,322,1,27,04,10374,47924,634,756,N,N,N,N,153.1
0000590,22,99999,22-99999,22,99999,22-99999,4244,1,07,05,12709,12094,7,7,Y,N,N,N,225.9
0000591,51,99999,51-99999,51,99999,51-99999,4247,3,33,14,36,22,6,6,N,N,N,N,682.3
0000592,48,206,48-206,48,206,48-206,4233,2,26,05,14018,48375,25,36,N,N,N,N,56.1
0000593,06,99999,06-99999,06,99999,06-99999,321,3,26,04,582,56027,14,24,N,N,N,N,148.4
0000594,29,99999,29-99999,05,99999,05-99999,45431,2,19,05,305,628,19,27,N,N,N,H,305.3
0000595,19,99999,19-99999,19,99999,19-99999,333,1,34,04,2208,440,19,22,N,N,N,N,196.1
0000596,27,378,27-378,06,348,06-348,334,4,38,14,176,1,1542,1955,N,Y,O,N,666.5
0000597,51,40060,51-40060,51,40060,51-40060,4244,1,43,05,44,66,16,21,Y,N,N,N,1366.8
0000598,04,38060,04-38060,04,38060,04-38060,4931,1,43,04,106450,20026,5,5,N,N,N,N,102.3
0000599,06,472,06-472,06,488,06-488,4238,2,43,04,954,113,66,88,N,N,N,N,7181.4
0000600,18,99999,18-99999,17,176,17-176,4235,3,32,05,3875,7282,90,114,N,N,N,N,117.6
0000601,41,99999,41-99999,41,440,41-440,312,2,08,14,165,33,163,181,N,N,N,N,1233.5
0000602,29,99999,29-99999,29,99999,29-99999,212,1,12,04,133,39293,14,22,N,N,N,N,282.1
0000603,06,348,06-348,06,348,06-348,334,3,35,04,4630,14,35,38,N,N,N,N,294.8
0000604,48,99999,48-99999,25,99999,25-99999,4541,1,36,14,107,4,1543,1805,N,N,N,N,7247.4
0000605,36,408,36-408,55,376,55-376,331,3,32,04,29158,6932,754,934,N,N,N,N,44.3
0000606,20,556,20-556,20,99999,20-99999,4232,2,24,04,115,16,255,322,N,N,N,N,286.1
0000607,36,408,36-408,34,428,34-428,311,3,06,04,18986,17532,102,121,Y,N,N,N,26.4
0000608,36,408,36-408,12,99999,12-99999,332,2,33,04,10858,6171,1024,1202,N,N,N,N,121.6
0000609,26,99999,26-99999,26,99999,26-99999,4235,3,32,04,14,5,147,169,N,N,N,N,1008.1
0000610,31,420,31-420,31,420,31-420,4232,1,24,04,754,541,2,2,N,N,N,N,113.4
0000611,12,370,12-370,36,104,36-104,4249,1,03,04,65,54,1237,1492,Y,N,N,N,397.9
0000612,12,422,12-422,12,45300,12-45300,312,2,07,05,23088,51635,74,81,N,N,N,N,204.2
0000613,42,430,42-430,44,148,44-148,339,2,40,14,87,19,437,517,N,N,N,N,504.5
0000614,45,273,45-273,45,273,45-273,326,3,24,04,81920,26238,29,32,N,N,N,N,97.0
0000615,25,148,25-148,23,99999,23-99999,4244,3,43,05,710,417,84,92,Y,N,N,N,3249.9
0000616,42,430,42-430,42,430,42-430,4237,1,43,05,530,8,12,14,N,N,N,N,1040.7
0000617,48,13140,48-13140,55,376,55-376,332,4,33,04,45876,16535,965,1197,N,N,N,N,41.0
0000618,05,99999,05-99999,29,99999,29-99999,325,1,22,05,13506,46175,221,302,N,N,N,N,439.5
0000619,01,99999,01-99999,48,29700,48-29700,314,3,30,04,4202,2767,847,992,N,N,N,N,94.4
0000620,05,99999,05-99999,34,408,34-408,4239,3,40,04,1558,220,1162,1387,N,N,N,N,231.1
0000621,47,314,47-314,47,314,47-314,4244,4,07,05,4922,1135,4,4,N,N,N,N,42.8
0000622,09,99999,09-99999,09,99999,09-99999,45431,4,18,05,755,1447,7,7,N,N,N,P,397.2
0000623,29,99999,29-99999,29,99999,29-99999,45431,4,19,05,236,573,13,13,N,N,N,H,143.0
0000624,19,99999,19-99999,42,428,42-428,325,4,23,06,17340,37803,813,1012,N,N,N,N,97.4
0000625,26,99999,26-99999,26,99999,26-99999,323,4,30,04,352,16,8,8,N,N,N,N,874.5
0000626,20,99999,20-99999,20,99999,20-99999,339,2,38,14,143,1,43,59,N,N,N,N,68.0
0000627,13,99999,13-99999,13,99999,13-99999,4242,3,21,05,34,3,6,8,N,N,N,H,1210.3
0000628,41,99999,41-99999,53,99999,53-99999,327,3,31,05,1015,32421,5,10,N,N,N,N,178.3
0000629,23,99999,23-99999,23,99999,23-99999,325,4,20,04,313,437,10,10,N,N,N,H,60.8
0000630,06,348,06-348,06,99999,06-99999,212,1,13,04,790,59434,120,158,N,N,N,N,204.7
0000631,48,206,48-206,48,206,48-206,4239,1,41,05,3293,19767,32,36,N,N,N,N,163.2
0000632,37,99999,37-99999,13,496,13-496,4242,1,23,14,758,32,254,305,N,N,N,N,356.0
0000633,41,99999,41-99999,53,99999,53-99999,336,1,36,04,13171,3391,292,385,N,Y,C,N,150.3
0000634,42,428,42-428,34,428,34-428,4244,1,05,04,54,24,16,19,Y,N,N,N,894.9
0000635,17,99999,17-99999,47,99999,47-99999,311,3,07,04,25217,42887,404,518,Y,N,N,N,89.6
0000636,55,99999,55-99999,48,288,48-288,332,4,32,14,4040,165,1052,1306,N,N,N,N,1051.8
0000637,12,422,12-422,39,184,39-184,323,1,29,04,1319,284,849,982,N,N,N,N,72.4
0000638,24,99999,24-99999,24,99999,24-99999,4237,1,34,05,46,23,8,8,N,N,N,N,883.6
0000639,41,440,41-440,06,99999,06-99999,4931,4,30,04,102550,14673,567,677,N,N,N,N,96.2
0000640,36,408,36-408,36,408,36-408,339,3,40,04,2426,1826,43,49,N,N,N,N,232.0
0000641,42,99999,42-99999,06,348,06-348,311,2,06,04,30072,31001,2286,2613,N,N,N,N,569.4
0000642,42,99999,42-99999,29,99999,29-99999,333,4,34,04,25084,11149,981,1107,N,N,N,N,81.8
0000643,22,406,22-406,17,176,17-176,334,4,38,14,246,1,840,1332,N,Y,O,N,10.1
0000644,37,99999,37-99999,37,99999,37-99999,312,2,07,05,446,896,27,34,N,N,N,N,3064.5
0000645,22,406,22-406,22,406,22-406,4242,2,21,14,62,12,3,4,N,N,N,H,1744.0
0000646,06,348,06-348,06,41740,06-41740,4246,3,24,04,33719,32422,118,131,N,N,N,N,1222.6
0000647,18,99999,18-99999,26,266,26-266,4242,4,21,05,2131,110,144,185,N,N,N,N,172.3
0000648,36,408,36-408,36,408,36-408,324,3,19,04,1303,48241,22,28,N,N,N,N,53.1
0000649,06,472,06-472,06,472,06-472,4247,3,18,05,1391,2908,21,21,N,N,N,P,2496.9
0000650,37,172,37-172,23,99999,23-99999,326,4,31,04,42404,39269,1051,1273,N,Y,C,N,56.1
0000651,17,176,17-176,39,99999,39-99999,4244,1,07,14,167,51,228,256,N,N,N,N,928.5
0000652,18,99999,18-99999,18,99999,18-99999,4245,1,02,04,5967,48921,46,58,N,N,N,N,114.1
0000653,26,220,26-220,26,99999,26-99999,4931,2,34,05,121,3,227,264,N,N,N,N,79.9
0000654,17,176,17-176,17,176,17-176,45431,3,19,05,317,1277,19,22,N,N,N,H,1699.0
0000655,13,122,13-122,16,99999,16-99999,4231,2,35,14,206,2,1744,2131,N,N,N,N,14001.3
0000656,12,99999,12-99999,13,99999,13-99999,321,2,26,04,14622,52771,113,137,N,N,N,N,42.4
0000657,31,99999,31-99999,29,99999,29-99999,311,4,05,04,91803,38832,274,311,Y,N,N,N,36.0
0000658,47,400,47-400,01,99999,01-99999,4245,2,03,05,24979,42322,303,351,N,N,N,N,414.7
0000659,18,294,18-294,26,220,26-220,4244,1,06,05,1979,1769,255,307,Y,N,N,N,3132.8
0000660,06,488,06-488,06,488,06-488,4238,1,33,04,9217,385,38,48,N,N,N,N,520.7
0000661,17,99999,17-99999,26,220,26-220,324,2,19,06,50915,163999,386,473,N,N,N,H,83.4
0000662,31,420,31-420,20,99999,20-99999,4249,2,23,05,7355,1396,136,171,N,N,N,N,97.5
0000663,29,99999,29-99999,29,99999,29-99999,5111,3,29,05,2124,739,29,33,N,N,N,N,14.1
0000664,26,266,26-266,37,268,37-268,4238,4,34,04,34729,7476,552,762,N,N,N,N,1140.1
0000665,27,378,27-378,27,99999,27-99999,311,3,04,04,7115,48903,98,115,N,N,N,N,73.9
0000666,46,99999,46-99999,46,99999,46-99999,45431,2,19,05,134,26,31,31,Y,N,N,H,143.1
0000667,31,99999,31-99999,31,99999,31-99999,4248,2,08,05,124,177,81,113,N,N,N,N,399.2
0000668,06,348,06-348,06,348,06-348,4244,2,43,05,5497,5148,19,22,Y,N,N,N,751.6
0000669,29,99999,29-99999,01,99999,01-99999,327,4,31,04,103,99,341,510,N,N,N,N,29.6
0000670,53,500,53-500,53,500,53-500,4233,3,26,05,266,43,25,29,N,N,N,N,928.1
0000671,25,148,25-148,25,148,25-148,4244,2,07,05,726,673,45,52,N,N,N,N,1101.7
0000672,39,184,39-184,39,184,39-184,4231,3,36,05,279,11,27,35,N,N,N,N,4731.4
0000673,29,99999,29-99999,29,99999,29-99999,323,4,30,05,5,1,15,15,N,N,N,N,395.6
0000674,39,198,39-198,13,122,13-122,551114,4,23,14,18,2,440,574,N,N,N,N,29613.3
0000675,21,99999,21-99999,21,99999,21-99999,4249,2,09,05,58263,3729,113,134,N,N,N,N,32.8
0000676,49,99999,49-99999,32,332,32-332,322,3,28,04,183,231,150,166,N,N,N,N,166.0
0000677,27,99999,27-99999,27,378,27-378,4231,4,36,05,3211,585,15,17,N,N,N,N,415.7
0000678,18,99999,18-99999,18,99999,18-99999,4248,2,08,05,1000,2004,12,12,N,N,N,N,292.5
0000679,19,99999,19-99999,36,99999,36-99999,333,1,34,04,13543,2868,831,978,N,N,N,N,296.4
0000680,09,408,09-408,13,122,13-122,4232,3,39,14,1121,32,770,927,N,N,N,N,75.9
0000681,01,380,01-380,50,99999,50-99999,339,3,39,04,5508,381,1231,1470,N,N,N,N,366.0
0000682,42,430,42-430,36,408,36-408,321,4,26,05,874,2483,306,362,N,N,N,N,39.9
0000683,04,38060,04-38060,29,476,29-476,326,3,24,04,74830,6957,1252,1510,N,N,N,N,62.1
0000684,51,40060,51-40060,51,40060,51-40060,325,3,23,04,4152,50461,5,7,N,N,N,H,33.4
0000685,13,122,13-122,19,99999,19-99999,4541,1,36,14,339,21,849,1157,N,N,N,N,2686.7
0000686,27,378,27-378,17,176,17-176,4236,2,35,04,27054,4307,349,414,N,N,N,N,233.3
0000687,42,408,42-408,42,428,42-428,212,4,13,04,214,50528,36,45,N,N,N,N,731.6
0000688,29,99999,29-99999,17,99999,17-99999,4249,1,07,05,20936,42725,210,345,Y,N,N,N,65.2
0000689,04,99999,04-99999,04,99999,04-99999,45431,3,19,05,305,934,23,37,N,N,N,H,232.1
0000690,27,99999,27-99999,19,99999,19-99999,321,1,26,04,7006,53677,343,444,N,N,N,N,77.7
0000691,04,38060,04-38060,04,536,04-536,326,2,24,04,4602,2858,100,108,N,N,N,N,159.3
0000692,12,99999,12-99999,45,273,45-273,4238,1,33,04,31,334,527,646,N,N,N,N,459.8
0000693,08,99999,08-99999,08,99999,08-99999,4231,4,36,14,124,8,97,129,N,N,N,N,10728.8
0000694,34,428,34-428,24,99999,24-99999,4245,1,03,04,10387,52858,78,135,N,N,N,N,32.4
0000695,05,99999,05-99999,22,406,22-406,326,1,24,04,179,4,480,725,N,Y,O,N,130.7
0000696,55,99999,55-99999,27,378,27-378,4249,3,23,05,50,23,64,87,N,N,N,P,3925.1
0000697,42,430,42-430,47,400,47-400,325,3,23,04,1099,497,467,563,N,N,N,P,34.1
0000698,29,99999,29-99999,27,99999,27-99999,4249,4,29,14,44,4,413,615,N,N,N,N,28524.4
0000699,13,122,13-122,13,122,13-122,314,3,30,04,849,309,77,92,N,N,N,N,580.1
0000700,39,184,39-184,39,184,39-184,4231,3,40,05,53,5,7,9,N,N,N,N,1086.1
0000701,36,408,36-408,36,408,36-408,4231,1,34,04,325,32,2,3,N,N,N,N,314.5
0000702,17,176,17-176,12,370,12-370,4238,1,34,14,19,1,1204,1440,N,N,N,N,2145.2
0000703,31,420,31-420,31,99999,31-99999,4231,4,36,14,379,44,190,227,N,N,N,N,660.2
0000704,06,348,06-348,06,348,06-348,4931,4,43,05,7792,2864,6,10,N,N,N,N,615.3
0000705,18,176,18-176,18,176,18-176,331,1,32,04,17515,56073,14,17,N,N,N,N,2000.1
0000706,22,99999,22-99999,01,380,01-380,336,3,43,04,227726,25896,176,204,N,Y,O,N,254.9
0000707,54,99999,54-99999,54,99999,54-99999,4238,4,33,04,7522,3526,63,92,N,N,N,N,269.5
0000708,27,378,27-378,48,288,48-288,339,1,40,14,338,7,1033,1207,N,N,N,N,129.7
0000709,09,25540,09-25540,17,176,17-176,331,2,32,04,47891,39255,770,897,N,N,N,N,17.2
0000710,27,378,27-378,47,314,47-314,339,3,38,04,242,24,789,956,Y,N,N,N,24.6
0000711,53,99999,53-99999,22,12940,22-12940,333,3,34,14,4481,106,2085,2710,N,N,N,N,39.2
0000712,12,422,12-422,12,422,12-422,4246,3,24,04,5757,6620,12,16,N,N,N,N,18.6
0000713,04,38060,04-38060,04,38060,04-38060,4241,4,43,05,2071,1047,2,3,N,N,N,N,166.2
0000714,48,99999,48-99999,27,378,27-378,4234,1,35,14,38,2,875,1086,N,N,N,N,7092.3
0000715,48,206,48-206,48,12420,48-12420,312,3,07,04,4023,49533,179,194,N,N,N,N,129.6
0000716,18,99999,18-99999,18,99999,18-99999,4249,4,09,05,7580,93,6,9,N,N,N,N,326.2
0000717,01,99999,01-99999,37,99999,37-99999,325,4,24,04,18657,246,316,413,N,N,N,N,35.7
0000718,17,99999,17-99999,21,350,21-350,336,1,36,05,109937,10994,195,255,N,N,N,N,214.6
0000719,42,00000,42-00000,06,348,06-348,324,4,15-19,13,32269,35296,2151,2765,N,Y,O,N,99.7
0000720,06,348,06-348,41,440,41-440,339,4,21,11,315,1,813,954,N,N,N,N,1140.3
0000721,48,99999,48-99999,48,99999,48-99999,339,1,38,14,132,3,82,92,N,N,N,N,3387.6
0000722,32,99999,32-99999,04,38060,04-38060,335,2,35,14,1172,34,611,923,N,N,N,N,76.7
0000723,36,408,36-408,36,408,36-408,4239,2,40,14,38502,1,1,1,N,N,N,N,180.5
0000724,40,538,40-538,22,406,22-406,4245,4,02,08,60228,601084,539,918,N,N,N,N,45.0
0000725,37,172,37-172,37,99999,37-99999,4247,4,17,04,25200,51700,120,156,N,N,N,P,688.1
0000726,53,440,53-440,53,99999,53-99999,327,1,37,04,10357,53137,86,97,N,N,N,N,68.2
0000727,26,99999,26-99999,29,99999,29-99999,339,1,40,04,2180,331,535,640,N,N,N,N,194.2
0000728,36,160,36-160,42,99999,42-99999,333,2,34,14,502,7,227,397,N,N,N,N,258.0
0000729,06,348,06-348,06,348,06-348,321,3,26,05,4323,721,8,13,N,N,N,N,342.1
0000730,53,99999,53-99999,16,99999,16-99999,311,3,06,04,44067,59366,345,414,N,N,N,N,339.4
0000731,45,16700,45-16700,45,16700,45-16700,4541,3,21,05,495,3,18,23,N,N,N,N,163.8
0000732,39,99999,39-99999,39,99999,39-99999,4249,3,09,05,3359,38,7,7,N,N,N,N,655.5
0000733,17,99999,17-99999,17,176,17-176,322,2,28,04,10132,13735,149,197,N,N,N,N,54.3
0000734,10,428,10-428,42,408,42-408,4249,1,40,14,266,25,115,148,N,N,N,N,2904.4
0000735,44,148,44-148,05,99999,05-99999,4235,4,32,04,8109,1756,1234,1456,N,N,N,N,71.7
0000736,06,348,06-348,06,348,06-348,4245,3,06,05,25218,27560,17,20,N,N,N,N,476.4
0000737,47,99999,47-99999,08,216,08-216,4241,1,29,14,24,2,913,1051,N,N,N,N,2512.5
0000738,18,99999,18-99999,18,99999,18-99999,4237,3,34,05,35,1,30,34,N,N,N,N,1361.7
0000739,04,38060,04-38060,04,38060,04-38060,4235,3,33,05,368,159,34,46,N,N,N,N,362.8
0000740,18,99999,18-99999,18,176,18-176,4236,3,35,05,159,2,54,73,N,N,N,N,3785.8
0000741,13,122,13-122,24,47900,24-47900,339,3,31,11,144,1,501,648,N,N,N,N,727.4
0000742,18,99999,18-99999,18,99999,18-99999,4243,4,30,05,2231,275,7,9,N,N,N,N,252.3
0000743,27,378,27-378,27,378,27-378,311,1,06,05,1544,1544,14,19,N,N,N,N,221.7
0000744,34,428,34-428,39,178,39-178,332,1,40,04,253,10,497,603,N,N,N,N,799.3
0000745,27,99999,27-99999,53,500,53-500,332,3,32,14,622,4,1355,1768,N,N,N,N,735.3
0000746,53,440,53-440,53,440,53-440,323,1,29,05,47,1,5,6,N,N,N,N,49.5
0000747,39,178,39-178,18,294,18-294,4235,4,32,04,652,41,77,91,N,N,N,N,1303.6
0000748,39,99999,39-99999,48,99999,48-99999,326,3,24,04,6215,2085,1332,1588,N,N,N,N,290.1
0000749,36,99999,36-99999,34,408,34-408,337,1,26,14,164,7,180,242,N,N,N,N,310.1
0000750,47,314,47-314,47,314,47-314,4243,3,30,05,1772,378,10,21,N,N,N,N,202.1
0000751,23,99999,23-99999,23,99999,23-99999,325,2,20,05,4292,58398,43,62,N,N,N,H,30.2
0000752,45,99999,45-99999,45,273,45-273,212,1,11,04,3138,219366,94,121,N,N,N,N,22.6
0000753,17,99999,17-99999,17,176,17-176,4249,1,43,05,5732,1331,119,144,Y,N,N,N,717.4
0000754,29,312,29-312,19,99999,19-99999,326,4,40,04,362,88,201,282,N,N,N,N,752.0
0000755,19,99999,19-99999,27,99999,27-99999,327,2,31,04,3800,40789,187,236,N,N,N,N,80.9
0000756,39,178,39-178,39,178,39-178,326,3,31,05,354,77,7,9,N,N,N,N,630.1
0000757,36,408,36-408,36,408,36-408,4234,4,38,14,214,3,30,34,N,N,N,N,109.3
0000758,42,408,42-408,42,99999,42-99999,321,2,26,05,1766,24966,68,83,N,N,N,N,111.8
0000759,31,99999,31-99999,31,99999,31-99999,311,2,04,05,1410,3603,216,253,N,N,N,N,288.6
0000760,26,220,26-220,26,220,26-220,4249,4,43,05,7487,822,3,3,N,N,N,N,283.6
0000761,48,288,48-288,19,99999,19-99999,4235,1,32,04,2250,31510,877,1059,N,N,N,N,2352.5
0000762,13,99999,13-99999,12,99999,12-99999,4244,2,43,05,205,257,69,76,N,N,N,N,6783.8
0000763,17,176,17-176,17,176,17-176,4931,4,43,05,25668,26439,12,14,Y,N,N,N,597.2
0000764,42,428,42-428,34,408,34-408,4239,3,41,04,76310,23301,27,38,N,N,N,N,82.9
0000765,24,12580,24-12580,36,408,36-408,4931,3,29,14,856,43,185,225,N,N,N,N,28618.7
0000766,12,45300,12-45300,12,45300,12-45300,4241,1,28,05,286,118,4,5,N,N,N,N,3258.4
0000767,17,176,17-176,18,258,18-258,326,2,26,05,8276,1539,128,139,N,N,N,N,24.7
0000768,16,99999,16-99999,40,416,40-416,326,2,24,04,863,70,1033,1375,N,N,N,N,151.0
0000769,06,348,06-348,06,348,06-348,4234,4,31,14,1027,2,21,295,N,Y,O,N,1820.2
0000770,08,99999,08-99999,21,99999,21-99999,311,2,07,04,59827,36963,1074,1195,Y,N,N,N,133.8
0000771,06,348,06-348,06,348,06-348,325,1,23,04,137425,1439,3,3,N,N,N,P,33.8
0000772,26,266,26-266,48,99999,48-99999,4246,4,39,04,4723,2566,1351,1655,N,N,N,N,30.5
0000773,20,556,20-556,20,556,20-556,4233,2,43,05,2593,1292,4,4,N,N,N,N,418.9
0000774,48,288,48-288,31,99999,31-99999,325,3,22,06,32980,214109,788,1114,N,N,N,N,112.1
0000775,42,99999,42-99999,42,99999,42-99999,312,4,07,05,66,654,33,48,Y,N,N,N,397.5
0000776,39,212,39-212,09,408,09-408,337,2,40,14,26,13,605,709,N,N,N,N,139.9
0000777,26,266,26-266,26,266,26-266,4238,4,36,05,3,1,42,48,N,N,N,N,125.8
0000778,06,260,06-260,06,260,06-260,327,3,31,05,24,24,11,11,N,N,N,N,131.7
0000779,47,99999,47-99999,47,99999,47-99999,322,1,27,04,24615,47043,381,433,N,N,N,N,151.8
0000780,27,99999,27-99999,27,378,27-378,334,4,38,14,6912,22,108,145,N,N,N,N,122.6
0000781,39,212,39-212,21,99999,21-99999,311,3,07,04,36826,241482,125,142,N,N,N,N,445.2
0000782,36,408,36-408,34,428,34-428,325,1,21,14,6206,7,75,90,N,N,N,N,353.6
0000783,24,12580,24-12580,09,408,09-408,333,2,34,14,90,1,219,266,N,N,N,N,933.7
0000784,24,12580,24-12580,24,12580,24-12580,332,1,33,04,803,209,21,29,N,N,N,N,62.5
0000785,17,176,17-176,17,176,17-176,4236,1,39,04,331,29,9,14,N,N,N,N,5887.4
0000786,41,99999,41-99999,06,348,06-348,334,3,35,14,53,1,647,728,N,N,N,N,43.4
0000787,26,220,26-220,26,220,26-220,337,2,33,14,63,2,30,32,N,N,N,N,103.3
0000788,27,99999,27-99999,38,99999,38-99999,4245,1,02,05,6706,57847,21,31,N,N,N,N,34.9
0000789,27,378,27-378,37,99999,37-99999,332,4,40,04,2326,176,1055,1341,N,N,N,H,6909.0
0000790,55,99999,55-99999,49,482,49-482,322,2,28,06,19486,14821,1232,1734,N,N,N,N,1029.2
0000791,45,16700,45-16700,06,348,06-348,334,1,38,11,2882,9,2232,2424,N,N,N,N,7.9
0000792,53,440,53-440,53,440,53-440,4241,1,27,04,1675,5299,2,4,N,N,N,N,13.0
0000793,21,99999,21-99999,21,99999,21-99999,4233,4,35,04,3,1,7,7,N,N,N,N,1102.6
0000794,20,99999,20-99999,29,476,29-476,4234,1,43,14,140,64,393,417,N,N,N,N,525.6
0000795,26,99999,26-99999,26,99999,26-99999,4931,2,43,05,62728,31499,61,73,N,N,N,N,260.5
0000796,13,122,13-122,04,38060,04-38060,4236,1,35,14,52,57,1594,1866,N,N,N,N,25.9
0000797,39,198,39-198,55,99999,55-99999,4541,2,21,14,475,1,544,682,N,N,N,N,45138.9
0000798,06,260,06-260,06,488,06-488,312,2,08,04,37162,49608,219,260,N,N,N,N,47.1
0000799,34,428,34-428,34,408,34-408,4244,1,05,05,22525,9970,96,104,Y,N,N,N,140.5
0000800,31,99999,31-99999,48,206,48-206,325,3,17,15,63995,171199,563,810,N,N,N,P,376.6
0000801,26,99999,26-99999,17,176,17-176,4249,2,03,04,2407,4323,116,141,Y,N,N,N,236.9
0000802,29,312,29-312,29,99999,29-99999,4235,4,32,04,6239,4159,163,191,N,N,N,N,188.4
0000803,31,420,31-420,31,420,31-420,4238,3,34,05,47,5,8,11,N,N,N,N,4280.6
0000804,55,99999,55-99999,48,12420,48-12420,336,3,36,14,7,1,982,1240,N,N,N,N,2044.6
0000805,56,99999,56-99999,28,99999,28-99999,4234,3,43,14,420,73,1214,1620,N,N,N,N,276.9
0000806,02,99999,02-99999,02,99999,02-99999,4234,1,38,05,311,45,120,224,N,N,N,N,1669.3
0000807,39,178,39-178,34,408,34-408,332,2,33,14,11,4,550,620,N,N,N,N,460.9
0000808,51,99999,51-99999,51,99999,51-99999,4249,4,09,05,1061,42,99,117,Y,N,N,N,370.0
0000809,48,288,48-288,48,99999,48-99999,4243,1,40,14,145,17,100,130,N,N,N,N,3145.5
0000810,39,184,39-184,13,99999,13-99999,332,1,33,04,1840,1000,506,675,N,N,N,N,123.7
0000811,45,273,45-273,45,99999,45-99999,4235,3,33,05,6497,1979,49,56,N,N,N,N,236.9
0000812,42,99999,42-99999,47,99999,47-99999,333,2,34,14,974,9,399,459,N,N,N,N,901.5
0000813,51,545,51-545,24,47900,24-47900,332,1,34,04,287,66,164,209,N,N,N,N,80.7
0000814,18,294,18-294,18,294,18-294,4231,1,31,05,49,37,6,11,N,N,N,N,5340.4
0000815,40,416,40-416,48,99999,48-99999,325,3,43,04,44,1,211,256,N,N,N,N,127.7
0000816,25,99999,25-99999,25,99999,25-99999,551114,4,26,05,2209,192,38,44,N,N,N,N,181.7
0000817,16,99999,16-99999,04,38060,04-38060,339,1,34,04,915,9,742,1061,N,N,N,N,94.4
0000818,40,538,40-538,48,99999,48-99999,339,1,24,04,6640,721,473,625,N,N,N,N,365.1
0000819,48,288,48-288,48,288,48-288,551114,1,43,05,52768,41775,4,4,N,N,N,N,4399.0
0000820,06,348,06-348,06,348,06-348,334,2,35,14,2446,33,47,1684,N,Y,O,N,361.8
0000821,53,500,53-500,53,500,53-500,4241,3,43,14,289,29,12,22,N,N,N,N,1241.5
0000822,27,99999,27-99999,27,99999,27-99999,5111,1,29,04,8,2,12,16,N,N,N,N,2597.7
0000823,39,99999,39-99999,42,430,42-430,4247,1,19,05,431,423,54,67,N,N,N,N,731.1
0000824,39,212,39-212,39,212,39-212,327,2,12,05,195,42340,12,18,N,N,N,N,918.3
0000825,05,99999,05-99999,05,99999,05-99999,311,1,07,05,12319,41789,11,11,N,N,N,N,1098.0
0000826,38,99999,38-99999,27,99999,27-99999,339,2,38,14,62,1,72,81,N,N,N,N,214.2
0000827,19,99999,19-99999,19,99999,19-99999,4241,2,28,05,1871,3298,57,67,N,N,N,N,157.2
0000828,08,216,08-216,08,216,08-216,4246,2,24,05,27,29,12,16,N,N,N,N,237.4
0000829,40,416,40-416,39,212,39-212,335,1,24,14,173,5,786,861,N,N,N,N,255.4
0000830,12,422,12-422,26,266,26-266,332,4,33,14,121,9,1014,1252,N,N,N,N,225.3
0000831,26,220,26-220,48,99999,48-99999,325,3,24,04,10278,7256,1427,1786,N,Y,M,N,192.2
0000832,17,476,17-476,51,99999,51-99999,325,1,23,04,6955,5057,600,718,N,N,N,P,26.5
0000833,26,220,26-220,37,99999,37-99999,4235,4,34,04,30789,36919,536,742,N,N,N,N,87.8
0000834,06,41740,06-41740,06,41740,06-41740,4238,3,33,14,208,2,7,10,N,N,N,N,1634.8
0000835,48,99999,48-99999,42,430,42-430,333,3,43,14,946,68,1164,1365,N,N,N,N,2597.7
0000836,34,408,34-408,39,198,39-198,4242,2,21,14,940,77,472,536,N,N,N,N,1106.0
0000837,06,348,06-348,06,348,06-348,331,2,32,05,3333,435,13,15,N,N,N,N,842.6
0000838,55,99999,55-99999,17,176,17-176,332,1,33,14,362,68,354,775,N,Y,O,N,875.6
0000839,48,288,48-288,13,496,13-496,333,3,34,04,811,540,926,1076,N,N,N,N,1372.5
0000840,28,99999,28-99999,28,99999,28-99999,311,2,05,04,61408,40400,71,94,Y,N,N,N,101.8
0000841,29,476,29-476,12,370,12-370,323,2,29,04,3418,276,1022,1212,N,N,N,N,76.1
0000842,12,99999,12-99999,01,99999,01-99999,4931,3,43,05,741,2724,306,376,N,N,N,N,510.8
0000843,48,41700,48-41700,22,99999,22-99999,4238,2,36,04,56,1,401,477,N,N,N,N,1022.5
0000844,12,45300,12-45300,12,45300,12-45300,4241,2,27,05,50,17,7,9,N,N,N,N,1586.7
0000845,26,99999,26-99999,12,370,12-370,339,3,38,14,1306,3,1452,1756,N,N,N,N,229.3
0000846,36,408,36-408,36,408,36-408,4237,4,33,14,42,1,22,25,N,N,N,N,357.0
0000847,48,206,48-206,48,206,48-206,4238,3,23,04,1011,437,26,37,N,N,N,N,3444.8
0000848,18,99999,18-99999,26,99999,26-99999,4244,3,43,05,42332,37829,92,124,Y,N,N,N,35.0
0000849,29,312,29-312,31,420,31-420,339,4,40,14,103,3,180,205,N,N,N,N,25.3
0000850,44,148,44-148,44,148,44-148,332,1,40,05,407,18,2,2,N,N,N,N,2830.3
0000851,36,99999,36-99999,34,408,34-408,334,2,35,11,2018,1,190,745,N,Y,O,N,122.9
0000852,21,350,21-350,13,122,13-122,333,3,36,04,144343,20821,295,390,N,N,N,N,87.4
0000853,13,122,13-122,13,122,13-122,4237,2,35,04,88,10,3,5,N,N,N,N,80638.3
0000854,49,99999,49-99999,49,482,49-482,4231,2,35,14,38,1,181,201,N,N,N,N,4065.7
0000855,08,216,08-216,49,482,49-482,324,2,40,04,5306,1016,354,484,N,N,N,N,15.3
0000856,48,99999,48-99999,48,99999,48-99999,325,2,36,05,1270,1891,4,6,N,N,N,N,377.4
0000857,12,422,12-422,12,99999,12-99999,4234,1,21,05,255,8,135,173,N,N,N,N,16829.6
0000858,40,99999,40-99999,40,99999,40-99999,325,3,13,05,3848,49689,75,87,N,N,N,N,53.2
0000859,16,99999,16-99999,41,99999,41-99999,323,2,43,14,91,15,397,554,N,N,N,N,668.4
0000860,17,176,17-176,51,99999,51-99999,326,1,24,04,13547,12236,558,764,N,N,N,N,185.2
0000861,06,41740,06-41740,06,41740,06-41740,337,4,39,05,1431,1045,3,3,N,N,N,N,943.1
0000862,48,206,48-206,27,378,27-378,339,4,38,14,1099,12,848,983,N,N,N,N,2161.8
0000863,18,294,18-294,18,294,18-294,4241,2,43,05,1490,81,6,9,N,N,N,N,3429.1
0000864,22,406,22-406,30,99999,30-99999,321,2,26,04,4260,43691,1683,2340,N,N,N,N,41.3
0000865,06,348,06-348,17,176,17-176,4243,2,30,04,4135,311,1704,1985,N,N,N,N,287.8
0000866,25,148,25-148,25,148,25-148,4244,4,03,05,24,5,2,2,Y,N,N,N,2360.2
0000867,06,41740,06-41740,06,41740,06-41740,4235,4,32,05,4637,1816,56,67,N,N,N,N,3940.1
0000868,01,99999,01-99999,34,408,34-408,314,1,30,14,66,13,847,994,N,N,N,N,94.2
0000869,18,294,18-294,06,348,06-348,4931,2,30,04,90069,21274,1761,2038,N,N,N,N,59.0
0000870,39,178,39-178,13,122,13-122,312,3,07,04,53717,44697,385,481,Y,N,N,N,156.9
0000871,12,99999,12-99999,12,370,12-370,327,2,31,04,5,1,139,171,N,N,N,N,1353.2
0000872,18,294,18-294,42,99999,42-99999,332,4,40,04,23823,6634,407,459,N,N,N,N,168.9
0000873,18,294,18-294,18,294,18-294,4246,4,24,04,7048,3603,23,36,N,N,N,N,259.4
0000874,24,12580,24-12580,25,148,25-148,4242,4,23,04,66418,16134,351,398,N,N,N,N,1089.9
0000875,45,99999,45-99999,37,99999,37-99999,313,2,31,04,21778,2565,125,158,N,N,N,N,69.7
0000876,30,99999,30-99999,32,99999,32-99999,324,4,19,06,31073,173494,691,1623,Y,N,N,H,316.3
0000877,51,40060,51-40060,51,99999,51-99999,4244,2,07,05,132,567,38,47,N,N,N,N,2465.2
0000878,05,99999,05-99999,04,38060,04-38060,323,1,29,04,5922,330,1019,1193,N,N,N,N,10.1
0000879,12,370,12-370,13,122,13-122,315,1,40,04,29318,1023,608,742,N,N,N,N,91.2
0000880,48,29700,48-29700,48,29700,48-29700,4247,2,18,05,14766,31361,24,24,N,N,N,P,940.4
0000881,40,538,40-538,40,538,40-538,4246,3,24,14,478,26,5,7,N,N,N,N,461.8
0000882,36,408,36-408,47,314,47-314,4238,3,23,14,2237,13,667,774,N,N,N,N,1141.8
0000883,32,332,32-332,32,332,32-332,212,1,12,05,421,93677,47,71,N,N,N,N,223.8
0000884,17,176,17-176,53,500,53-500,4236,1,35,14,1351,113,1723,2074,N,N,N,N,3623.2
0000885,42,99999,42-99999,42,430,42-430,336,4,37,14,2356,3,123,147,N,N,N,N,1038.8
0000886,19,99999,19-99999,48,206,48-206,4541,3,33,14,41,1,605,766,N,N,N,N,9013.6
0000887,48,99999,48-99999,48,99999,48-99999,551114,3,31,05,317,12818,7,10,N,N,N,N,241.1
0000888,36,160,36-160,39,99999,39-99999,321,1,26,04,2543,2309,128,163,N,N,N,N,76.3
0000889,18,99999,18-99999,39,198,39-198,331,2,34,04,15158,4080,148,182,N,N,N,N,255.9
0000890,06,488,06-488,06,488,06-488,321,3,26,04,932,440,66,93,N,N,N,N,119.1
0000891,06,472,06-472,27,99999,27-99999,312,1,08,14,73,36,1594,2131,N,N,N,N,8.3
0000892,37,99999,37-99999,42,428,42-428,339,3,33,04,20360,1451,449,552,N,N,N,N,82.7
0000893,06,348,06-348,06,348,06-348,4238,1,24,14,33,1,28,38,N,N,N,N,21447.4
0000894,17,99999,17-99999,18,176,18-176,331,4,32,04,17760,54122,143,176,N,N,N,N,151.0
0000895,12,370,12-370,12,370,12-370,4238,1,36,04,39,1,15,20,N,N,N,N,1006.7
0000896,39,198,39-198,39,198,39-198,336,3,31,05,10441,26372,22,24,N,N,N,N,153.7
0000897,23,99999,23-99999,23,99999,23-99999,324,3,40,05,1222,42657,4,6,N,N,N,N,1338.4
0000898,06,488,06-488,06,488,06-488,322,4,27,04,11728,28555,47,53,N,N,N,N,84.1
0000899,22,12940,22-12940,22,12940,22-12940,323,3,29,14,1801,89,7,7,N,N,N,N,60.4
0000900,12,370,12-370,12,370,12-370,4234,1,38,11,3351,69,4,14,N,Y,O,N,3.1
0000901,48,206,48-206,31,99999,31-99999,311,4,06,04,9719,10308,566,653,Y,N,N,N,88.5
0000902,39,184,39-184,39,184,39-184,4248,4,08,05,754,1111,29,36,N,N,N,N,7942.4
0000903,25,148,25-148,44,148,44-148,4235,1,33,05,1650,236,13,14,N,N,N,N,1665.0
0000904,34,428,34-428,34,428,34-428,311,1,06,05,8965,11485,10,13,Y,N,N,N,179.5
0000905,39,212,39-212,39,212,39-212,4248,3,08,05,853,1396,32,34,N,N,N,N,1774.1
0000906,31,99999,31-99999,22,99999,22-99999,311,3,04,04,45035,40659,621,901,N,N,N,N,186.2
0000907,37,172,37-172,33,148,33-148,322,1,27,04,12601,11053,756,924,N,N,N,N,90.0
0000908,38,99999,38-99999,04,38060,04-38060,333,3,33,04,63049,49539,1049,1515,N,N,N,N,3.8
0000909,19,99999,19-99999,46,99999,46-99999,322,4,28,04,1451,2124,9,13,N,N,N,N,669.1
0000910,26,99999,26-99999,26,99999,26-99999,4238,3,34,05,108,5,11,11,N,N,N,N,540.0
0000911,24,47900,24-47900,24,47900,24-47900,4244,4,07,05,27,45,3,3,N,N,N,N,808.7
0000912,37,268,37-268,12,422,12-422,4931,1,30,04,317296,26441,543,605,N,N,N,N,25.4
0000913,22,406,22-406,22,99999,22-99999,4234,1,21,05,101580,33860,104,130,N,N,N,N,178.0
0000914,53,500,53-500,53,500,53-500,4232,2,23,05,114,19,7,8,N,N,N,N,326.9
0000915,41,440,41-440,34,408,34-408,316,1,30,14,59,1,2497,3026,N,N,N,N,92.6
0000916,55,99999,55-99999,55,99999,55-99999,339,2,40,05,528,2,16,24,N,N,N,N,705.5
0000917,48,99999,48-99999,48,206,48-206,4238,4,40,05,1768,211,32,37,N,N,N,N,5076.9
0000918,39,99999,39-99999,36,408,36-408,339,2,24,04,55700,12379,485,554,N,Y,O,N,21.6
0000919,26,220,26-220,26,220,26-220,337,2,39,05,11349,7566,6,10,N,N,N,N,26.6
0000920,21,99999,21-99999,01,99999,01-99999,321,2,26,05,18963,13741,195,241,N,N,N,N,20.1
0000921,42,428,42-428,45,16700,45-16700,4931,2,33,04,7180,6019,573,701,N,N,N,N,573.5
0000922,13,122,13-122,48,206,48-206,4246,3,24,04,503,278,747,825,N,N,N,N,149.1
0000923,25,148,25-148,44,148,44-148,311,1,05,04,12532,1484,28,46,Y,N,N,N,34.0
0000924,48,99999,48-99999,48,288,48-288,324,1,31,04,11248,39430,229,267,N,N,N,N,159.8
0000925,17,176,17-176,17,176,17-176,327,3,31,05,2671,39228,68,79,N,N,N,N,490.9
0000926,51,99999,51-99999,24,12580,24-12580,335,3,35,14,1759,5,126,154,N,N,N,N,11.6
0000927,36,160,36-160,36,160,36-160,332,2,40,05,196,42,18,22,N,N,N,N,668.0
0000928,47,99999,47-99999,26,220,26-220,332,2,36,04,1099,317,482,604,N,N,N,N,528.4
0000929,48,99999,48-99999,48,99999,48-99999,4243,1,30,05,10100,18703,5,6,N,Y,M,N,134.2
0000930,48,206,48-206,53,500,53-500,333,2,34,14,99,55,1669,2189,N,N,N,N,273.4
0000931,18,294,18-294,34,408,34-408,311,2,07,15,8962,40352,597,780,N,N,N,N,65.3
0000932,26,220,26-220,25,148,25-148,323,1,29,04,3936,1118,710,889,N,N,N,N,55.3
0000933,47,368,47-368,47,368,47-368,4248,2,08,05,41,5,5,7,Y,N,N,N,665.3
0000934,36,408,36-408,48,238,48-238,4236,1,35,14,594,38,1941,2250,N,N,N,N,3810.2
0000935,17,99999,17-99999,55,376,55-376,326,2,24,04,3773,1979,210,248,N,N,N,N,136.6
0000936,44,148,44-148,37,99999,37-99999,325,4,23,04,4263,142,607,723,N,N,N,N,20.7
0000937,34,408,34-408,24,12580,24-12580,4238,1,34,14,4,1,194,243,N,N,N,N,830.4
0000938,34,428,34-428,34,428,34-428,4249,2,29,05,208,33,48,65,N,N,N,N,18.3
0000939,53,500,53-500,16,99999,16-99999,313,3,30,04,795,275,259,322,N,N,N,N,29.5
0000940,36,408,36-408,36,408,36-408,4234,3,43,14,142,10,22,27,N,N,N,N,8460.6
0000941,18,258,18-258,25,148,25-148,326,4,26,04,324,138,718,840,N,N,N,N,60.5
0000942,06,348,06-348,22,406,22-406,4238,1,34,04,10987,959,1609,1838,N,N,N,N,148.9
0000943,28,99999,28-99999,55,99999,55-99999,212,2,31,04,7627,44891,642,831,N,N,N,N,17.6
0000944,12,99999,12-99999,12,45300,12-45300,4249,1,22,15,1189,1441,14,23,N,N,N,N,10687.4
0000945,24,99999,24-99999,10,99999,10-99999,326,3,24,05,695,248,25,29,N,N,N,N,779.2
0000946,18,294,18-294,17,176,17-176,4242,2,21,14,449,17,169,203,N,N,N,N,1983.3
0000947,06,348,06-348,06,348,06-348,4233,1,32,05,3857,1696,4,5,N,N,N,N,371.1
0000948,06,488,06-488,13,99999,13-99999,311,4,07,04,2135,769,2192,2700,Y,N,N,N,283.9
0000949,29,312,29-312,29,312,29-312,4237,2,43,14,308,3,14,20,N,N,N,N,371.6
0000950,19,99999,19-99999,19,99999,19-99999,4233,1,26,05,17588,2858,10,16,N,N,N,N,118.4
0000951,06,348,06-348,39,198,39-198,339,4,43,14,150,3,1965,2250,N,N,N,N,2511.0
0000952,27,378,27-378,40,538,40-538,5111,4,29,14,4768,23,630,819,N,N,N,N,443.2
0000953,37,172,37-172,51,99999,51-99999,4238,3,36,05,3963,599,144,206,N,N,N,N,2156.2
0000954,17,176,17-176,17,99999,17-99999,4235,1,32,04,1864,3299,126,163,N,N,N,N,620.6
0000955,42,430,42-430,42,430,42-430,327,1,31,05,12545,61394,34,46,N,N,N,N,90.2
0000956,53,99999,53-99999,53,99999,53-99999,212,3,12,05,178,20933,12,12,N,N,N,N,441.2
0000957,42,428,42-428,34,428,34-428,333,4,38,04,5645,55,40,56,N,N,N,N,49.1
0000958,55,376,55-376,55,376,55-376,551114,3,27,05,1392,1979,5,6,N,N,N,N,289.6
0000959,12,45300,12-45300,12,99999,12-99999,4246,3,07,05,786,220,42,51,N,N,N,N,1765.5
0000960,27,99999,27-99999,27,99999,27-99999,4235,4,41,05,3755,18771,11,11,N,N,N,N,31.0
0000961,48,206,48-206,34,408,34-408,323,4,29,14,78,5,1397,1585,N,N,N,N,1862.2
0000962,06,348,06-348,08,216,08-216,4236,1,39,04,636,47,786,991,N,N,N,N,17191.3
0000963,42,428,42-428,06,348,06-348,335,3,39,04,7611,3108,2382,2716,N,N,N,N,233.3
0000964,37,99999,37-99999,37,450,37-450,4232,4,30,05,1254,1030,48,56,N,N,N,N,113.8
0000965,01,99999,01-99999,01,99999,01-99999,323,3,24,05,47,7,29,47,N,N,N,N,730.6
0000966,06,488,06-488,06,488,06-488,324,1,19,05,994,17434,5,5,Y,N,N,P,26.7
0000967,28,99999,28-99999,47,368,47-368,4244,4,05,05,3936,3573,20,32,Y,N,N,N,405.6
0000968,12,370,12-370,12,370,12-370,336,1,37,14,6395,54,5,10,N,Y,O,N,110.1
0000969,42,428,42-428,06,348,06-348,4235,2,32,04,5200,555,2372,2724,N,N,N,N,316.3
0000970,39,184,39-184,26,266,26-266,4242,3,07,14,47,7,223,278,N,N,N,N,1251.2
0000971,48,288,48-288,38,99999,38-99999,339,2,33,04,3364,315,1356,1784,N,N,N,N,260.6
0000972,26,99999,26-99999,17,176,17-176,335,4,36,14,271,2,140,1330,N,Y,O,N,801.9
0000973,42,430,42-430,42,99999,42-99999,327,1,31,04,427,550,133,160,N,N,N,N,37.2
0000974,42,99999,42-99999,42,408,42-408,5111,3,29,05,17,8,4,4,N,N,N,N,2223.4
0000975,49,482,49-482,56,99999,56-99999,212,1,20,05,2099,94632,53,80,N,N,N,N,159.4
0000976,17,176,17-176,36,160,36-160,325,1,23,04,83461,50061,454,554,N,Y,C,N,70.3
0000977,21,99999,21-99999,21,99999,21-99999,311,3,07,05,5869,22724,18,22,Y,N,N,N,204.0
0000978,49,482,49-482,49,482,49-482,4235,2,34,05,111,18,4,4,N,N,N,N,400.9
0000979,46,99999,46-99999,48,206,48-206,333,3,34,04,2102,4,696,882,N,N,N,N,209.4
0000980,49,482,49-482,49,482,49-482,312,2,08,05,274,336,4,5,N,N,N,N,16.0
0000981,01,99999,01-99999,01,380,01-380,4249,4,43,05,1765,504,110,143,Y,N,N,N,1118.4
0000982,06,488,06-488,06,488,06-488,4231,4,36,05,92,11,8,10,N,N,N,N,8095.1
0000983,18,99999,18-99999,18,99999,18-99999,321,1,26,05,9314,42785,115,145,N,N,N,N,147.5
0000984,12,370,12-370,06,41740,06-41740,4237,3,37,11,247,1,2254,2320,N,N,N,N,11635.3
0000985,51,99999,51-99999,22,406,22-406,332,2,36,04,31451,8372,826,938,N,Y,O,N,59.5
0000986,27,378,27-378,34,408,34-408,4541,2,35,14,113,14,1019,1214,N,N,N,N,12531.6
0000987,53,500,53-500,53,500,53-500,331,4,33,05,15107,14772,18,22,N,N,N,N,80.2
0000988,32,99999,32-99999,06,348,06-348,4238,3,24,14,54,16,397,544,N,N,N,N,321.1
0000989,17,176,17-176,55,376,55-376,4246,2,19,06,88876,161612,89,105,Y,N,N,H,84.8
0000990,42,408,42-408,48,29700,48-29700,4238,4,34,14,12525,70,1651,1905,N,N,N,N,792.7
0000991,36,99999,36-99999,36,99999,36-99999,4231,3,38,14,264,2,144,169,N,N,N,N,6786.4
0000992,28,99999,28-99999,28,99999,28-99999,339,3,38,14,178,1,87,95,N,N,N,N,703.2
0000993,34,408,34-408,20,312,20-312,4236,2,34,14,145,80,1085,1194,N,N,N,N,5514.2
0000994,34,408,34-408,36,408,36-408,4931,4,39,05,1590,45,26,30,N,N,N,N,1620.3
0000995,12,370,12-370,12,370,12-370,4246,1,20,04,42,8,12,17,N,N,N,H,21371.3
0000996,51,47900,51-47900,12,99999,12-99999,4236,2,35,04,55662,25,772,1011,N,N,N,N,79.6
0000997,33,99999,33-99999,53,500,53-500,327,2,31,14,248,41,2426,3163,N,N,N,N,85.6
0000998,39,198,39-198,39,198,39-198,314,1,26,05,1828,55,34,44,N,N,N,N,62.1
0000999,46,99999,46-99999,46,99999,46-99999,212,2,11,05,224,99571,40,61,N,N,N,N,989.4
